-- phpMyAdmin SQL Dump
-- version 5.0.3
-- https://www.phpmyadmin.net/
--
-- Host: 127.0.0.1
-- Generation Time: May 24, 2021 at 05:06 PM
-- Server version: 10.4.14-MariaDB
-- PHP Version: 7.2.34

SET SQL_MODE = "NO_AUTO_VALUE_ON_ZERO";
START TRANSACTION;
SET time_zone = "+00:00";


/*!40101 SET @OLD_CHARACTER_SET_CLIENT=@@CHARACTER_SET_CLIENT */;
/*!40101 SET @OLD_CHARACTER_SET_RESULTS=@@CHARACTER_SET_RESULTS */;
/*!40101 SET @OLD_COLLATION_CONNECTION=@@COLLATION_CONNECTION */;
/*!40101 SET NAMES utf8mb4 */;

--
-- Database: `clinic_db`
--

-- --------------------------------------------------------

--
-- Table structure for table `admission`
--

CREATE TABLE `admission` (
  `ccc_no` int(18) NOT NULL,
  `Fname` varchar(20) NOT NULL,
  `Mname` varchar(20) NOT NULL,
  `Lname` varchar(20) NOT NULL,
  `Phone_no` varchar(200) NOT NULL,
  `Gender` varchar(255) NOT NULL,
  `Residence` varchar(15) NOT NULL,
  `Dob` date NOT NULL,
  `art_start_date` date NOT NULL,
  `initial_regimen` varchar(200) NOT NULL,
  `initiation_line` varchar(200) NOT NULL,
  `Reg_date` date NOT NULL,
  `Id_no` int(12) NOT NULL,
  `Added_on` timestamp NOT NULL DEFAULT current_timestamp(),
  `Added_by` varchar(10) NOT NULL
) ENGINE=InnoDB DEFAULT CHARSET=utf8mb4;

--
-- Dumping data for table `admission`
--

INSERT INTO `admission` (`ccc_no`, `Fname`, `Mname`, `Lname`, `Phone_no`, `Gender`, `Residence`, `Dob`, `art_start_date`, `initial_regimen`, `initiation_line`, `Reg_date`, `Id_no`, `Added_on`, `Added_by`) VALUES
(18199062, 'MUNYWOKI', '', 'SYOMBUA', '', 'Male', 'Village', '2004-08-02', '2011-12-22', '', '', '2011-12-22', 0, '0000-00-00 00:00:00', ''),
(18199082, 'JULIANA', '', 'MBEKE', '', 'Female', 'G.P', '1964-07-10', '2012-12-01', '', '', '2012-12-01', 0, '0000-00-00 00:00:00', ''),
(18199093, 'JOHN', '', 'KISEKO', '', 'Male', 'Village', '2008-01-18', '2015-11-24', '', '', '2015-11-24', 0, '0000-00-00 00:00:00', ''),
(18199094, 'MARGARET', '', 'KIMONDIU', '', 'Female', 'Village', '2005-01-06', '2010-12-05', '', '', '2010-12-05', 0, '0000-00-00 00:00:00', ''),
(18199095, 'GIFTON', '', 'MWIKALI', '', 'Male', 'Village', '2004-01-06', '2012-09-01', '', '', '2012-09-01', 0, '0000-00-00 00:00:00', ''),
(18199096, 'MBITHE', '', 'KIMANZI', '', 'Female', 'Village', '2005-05-25', '2013-01-01', '', '', '2013-01-01', 0, '0000-00-00 00:00:00', ''),
(18199097, 'MUTUKU', '', 'MUTINDA', '', 'Male', 'Village', '2003-01-06', '2010-02-24', '', '', '2010-02-24', 0, '0000-00-00 00:00:00', ''),
(18199098, 'MARY', '', 'KILONZI', '', 'Female', 'Village', '2015-09-06', '2018-09-02', '', '', '2018-09-02', 0, '0000-00-00 00:00:00', ''),
(18199099, 'CAROL', '', 'WANZA', '', 'Female', 'Village', '2006-01-06', '2014-05-14', '', '', '2014-05-14', 0, '0000-00-00 00:00:00', ''),
(18199100, 'NDOTHYA', '', 'ESTHER', '', 'Male', 'Village', '2007-01-06', '2010-03-05', '', '', '2010-03-05', 0, '0000-00-00 00:00:00', ''),
(18199101, 'JOHN', '', 'MUTUKU', '', 'Male', 'Village', '2004-01-06', '2009-07-10', '', '', '2009-07-10', 0, '0000-00-00 00:00:00', ''),
(18199102, 'KAVINDU', '', 'MUTINDA', '', 'Female', 'Village', '2002-01-01', '2010-03-15', '', '', '2010-03-15', 0, '0000-00-00 00:00:00', ''),
(18199103, 'KANINI', '', 'MAKAU', '', 'Female', 'Village', '2007-01-29', '2009-02-07', '', '', '2009-02-07', 0, '0000-00-00 00:00:00', ''),
(18199104, 'KASUU', '', 'KAMUNZYU', '', 'Female', 'Village', '2003-10-11', '2008-01-30', '', '', '2008-01-30', 0, '0000-00-00 00:00:00', ''),
(18199105, 'DIANA', '', 'WAMBUA', '', 'Female', 'Village', '2008-01-06', '2009-07-05', '', '', '2009-07-05', 0, '0000-00-00 00:00:00', ''),
(18199106, 'DOUGLAS', '', 'MUTUKU', '', 'Male', 'Village', '2007-06-15', '2015-08-21', '', '', '2015-08-21', 0, '0000-00-00 00:00:00', ''),
(18199110, 'KITHOME', '', 'KAVUU', '', 'Male', 'Village', '2001-01-06', '2008-01-18', '', '', '2008-01-18', 0, '0000-00-00 00:00:00', ''),
(18199111, 'SYOMITI', '', 'MUNYIVA', '', 'Female', 'Village', '2004-01-06', '2007-09-08', '', '', '2007-09-08', 0, '0000-00-00 00:00:00', ''),
(18199112, 'CHRISTINE', '', 'MUTHEKI', '', 'Female', 'Village', '2005-04-01', '2009-11-05', '', '', '2009-11-05', 0, '0000-00-00 00:00:00', ''),
(18199116, 'KATOLOKI', '', 'KALIMI', '', 'Male', 'Village', '2002-01-12', '2007-10-25', '', '', '2007-10-25', 0, '0000-00-00 00:00:00', ''),
(18199117, 'MUKONYO', '', 'MUTUKU', '', 'Female', 'Village', '2004-01-06', '2013-06-05', '', '', '2013-06-05', 0, '0000-00-00 00:00:00', ''),
(18199121, 'KASIVA', '', 'MONA', '', 'Male', 'Village', '2004-01-06', '2007-06-03', '', '', '2007-06-03', 0, '0000-00-00 00:00:00', ''),
(18199123, 'JANET', '', 'MUTHINA', '', 'Female', 'Village', '2006-01-06', '2009-01-23', '', '', '2009-01-23', 0, '0000-00-00 00:00:00', ''),
(18199125, 'CECILIA', '', 'NDANU', '', 'Female', 'Village', '2008-08-08', '2011-11-05', '', '', '2011-11-05', 0, '0000-00-00 00:00:00', ''),
(18199126, 'VICTOR', '', 'MWENDWA', '', 'Male', 'Village', '2012-02-26', '2017-01-10', '', '', '2017-01-10', 0, '0000-00-00 00:00:00', ''),
(18199127, 'BRENDA', 'MUKAI', 'KASYOKA', '', 'Female', 'Village', '2008-05-10', '2010-08-13', '', '', '2010-08-13', 0, '0000-00-00 00:00:00', ''),
(18199128, 'PAUL', '', 'MATATA', '', 'Male', 'Village', '2003-01-06', '2010-09-14', '', '', '2010-09-14', 0, '0000-00-00 00:00:00', ''),
(18199129, 'MOSES', '', 'NZIOKA', '', 'Male', 'Village', '2006-06-15', '2014-08-09', '', '', '2014-08-09', 0, '0000-00-00 00:00:00', ''),
(18199131, 'MULWA', '', 'NTHANZU', '', 'Male', 'Village', '2005-06-21', '2007-12-04', '', '', '2007-12-04', 0, '0000-00-00 00:00:00', ''),
(18199132, 'AMINA', '', 'REBECCA', '', 'Female', 'Village', '2002-01-01', '2003-06-02', '', '', '2003-06-02', 0, '0000-00-00 00:00:00', ''),
(18199133, 'EVERLYN', '', 'KAREGI', '', 'Female', 'Village', '1999-01-06', '2012-11-14', '', '', '2012-11-14', 0, '0000-00-00 00:00:00', ''),
(18199136, 'JOHN', '', 'MAINGI', '', 'Male', 'Village', '2006-01-06', '2007-01-06', '', '', '2007-01-06', 0, '0000-00-00 00:00:00', ''),
(18199137, 'PIUS', '', 'MBULI', '', 'Male', 'Village', '2009-06-01', '2013-01-07', '', '', '2013-01-07', 0, '0000-00-00 00:00:00', ''),
(18199138, 'SAFARI', '', 'MUSYOKI', '', 'Male', 'Village', '2007-01-01', '2009-07-16', '', '', '2009-07-16', 0, '0000-00-00 00:00:00', ''),
(18199139, 'LUCIA', '', 'MANGUYE', '', 'Female', 'Village', '2003-01-06', '2014-10-04', '', '', '2014-10-04', 0, '0000-00-00 00:00:00', ''),
(18199140, 'JOHN', '', 'MUTISYA', '', 'Male', 'Village', '2010-06-13', '2017-08-27', '', '', '2017-08-27', 0, '0000-00-00 00:00:00', ''),
(18199150, 'MERCY', '', 'NDUKU', '', 'Female', 'Community', '2003-01-16', '2009-09-14', '', '', '2009-09-14', 0, '0000-00-00 00:00:00', ''),
(18199151, 'STACY', '', 'MUENI', '', 'Female', 'Village', '2008-10-31', '2015-03-30', '', '', '2015-03-30', 0, '0000-00-00 00:00:00', ''),
(18199154, 'KEN', '', 'MWIRARIA', '', 'Male', 'Village', '2003-01-06', '2012-11-14', '', '', '2012-11-14', 0, '0000-00-00 00:00:00', ''),
(18199155, 'KITHINZI', '', 'MUSYIMI', '', 'Male', 'Village', '2000-08-19', '2010-03-06', '', '', '2010-03-06', 0, '0000-00-00 00:00:00', ''),
(18199157, 'RAEL', '', 'NDUNGE', '', 'Female', 'Village', '2010-06-21', '2011-08-12', '', '', '2011-08-12', 0, '0000-00-00 00:00:00', ''),
(18199158, 'JULIUS', '', 'MUASYA', '', 'Male', 'Community', '1964-06-10', '2016-12-16', '', '', '2016-12-16', 0, '0000-00-00 00:00:00', ''),
(18199160, 'PATRICK', '', 'MUNYOKI', '', 'Male', 'Community', '1979-12-06', '2014-07-21', '', '', '2014-07-21', 0, '0000-00-00 00:00:00', ''),
(18199161, 'MUENDI', '', 'MULWA', '', 'Female', 'Community', '1983-06-21', '2009-07-08', '', '', '2009-07-08', 0, '0000-00-00 00:00:00', ''),
(18199162, 'MARGARET', '', 'KASOLI', '', 'Female', 'Community', '1975-08-12', '2017-03-02', '', '', '2017-03-02', 0, '0000-00-00 00:00:00', ''),
(18199163, 'ZIPPORAH', '', 'NGINA', '', 'Female', 'Community', '1971-06-06', '2014-10-23', '', '', '2014-10-23', 0, '0000-00-00 00:00:00', ''),
(18199164, 'CHARLES', '', 'MWANGANGI', '', 'Male', 'Community', '1954-07-12', '2009-07-07', '', '', '2009-07-07', 0, '0000-00-00 00:00:00', ''),
(18199165, 'TERESIA', '', 'MUNYOKI', '', 'Female', 'Community', '1980-06-15', '2009-02-08', '', '', '2009-02-08', 0, '0000-00-00 00:00:00', ''),
(18199166, 'ROSE', '', 'KALEVE', '', 'Female', 'Community', '1979-04-14', '2005-08-02', '', '', '2005-08-02', 0, '0000-00-00 00:00:00', ''),
(18199167, 'BEATRICE', '', 'KITHOME', '', 'Female', 'Community', '1980-04-21', '2016-08-08', '', '', '2016-08-08', 0, '0000-00-00 00:00:00', ''),
(18199168, 'JANE', '', 'MUSYOKI', '', 'Female', 'Community', '1985-12-12', '2017-03-17', '', '', '2017-03-17', 0, '0000-00-00 00:00:00', ''),
(18199169, 'ERIC', '', 'NZOMO', '', 'Male', 'Community', '2002-09-19', '2007-11-26', '', '', '2007-11-26', 0, '0000-00-00 00:00:00', ''),
(18199170, 'JOSEPHINE', '', 'MBALI', '', 'Female', 'Community', '1979-05-19', '2012-11-25', '', '', '2012-11-25', 0, '0000-00-00 00:00:00', ''),
(18199171, 'ROSA', '', 'MUUO', '', 'Female', 'Community', '1983-07-18', '2009-06-18', '', '', '2009-06-18', 0, '0000-00-00 00:00:00', ''),
(18199172, 'NZILU', '', 'MUNYOKI', '', 'Male', 'Community', '1970-10-09', '2014-06-24', '', '', '2014-06-24', 0, '0000-00-00 00:00:00', ''),
(18199175, 'MUNINI', '', 'MUNYIVA', '', 'Female', 'Community', '1980-04-17', '2010-06-18', '', '', '2010-06-18', 0, '0000-00-00 00:00:00', ''),
(18199176, 'PETER', '', 'MWANIKI', '', 'Male', 'Community', '1973-07-15', '2011-08-06', '', '', '2011-08-06', 0, '0000-00-00 00:00:00', ''),
(18199177, 'KATUMBI', '', 'VIVIANA', '', 'Female', 'Community', '1963-06-22', '2010-07-31', '', '', '2010-07-31', 0, '0000-00-00 00:00:00', ''),
(18199178, 'KALEKYE', '', 'KASIMA', '', 'Female', 'Community', '1972-01-08', '2014-08-02', '', '', '2014-08-02', 0, '0000-00-00 00:00:00', ''),
(18199179, 'GLADYS', '', 'EUNICE', '', 'Female', 'Community', '1993-11-10', '2009-03-09', '', '', '2009-03-09', 0, '0000-00-00 00:00:00', ''),
(18199180, 'PETER', '', 'MULATYA', '', 'Male', 'Community', '1980-06-08', '2013-04-15', '', '', '2013-04-15', 0, '0000-00-00 00:00:00', ''),
(18199181, 'YUMBYA', '', 'KISEVE', '', 'Female', 'Village', '2006-01-06', '2010-09-29', '', '', '2010-09-29', 0, '0000-00-00 00:00:00', ''),
(18199182, 'MARY', '', 'WAMBUA', '', 'Female', 'Village', '2002-12-26', '2012-11-08', '', '', '2012-11-08', 0, '0000-00-00 00:00:00', ''),
(18199183, 'MWENDWA', '', 'KISEVE', '', 'Male', 'Village', '2004-06-21', '2010-09-29', '', '', '2010-09-29', 0, '0000-00-00 00:00:00', ''),
(18199188, 'ELIZABETH', '', 'NDUKU', '', 'Female', 'Village', '2007-01-06', '0000-00-00', '', '', '0000-00-00', 0, '0000-00-00 00:00:00', ''),
(18199191, 'MALITI', '', 'MUTIO', '', 'Male', 'Village', '2007-06-15', '2014-08-26', '', '', '2014-08-26', 0, '0000-00-00 00:00:00', ''),
(18199192, 'MULUKI', '', 'KAVITI', '', 'Female', 'Village', '2005-01-06', '2012-04-19', '', '', '2012-04-19', 0, '0000-00-00 00:00:00', ''),
(18199193, 'CARRISON', '', 'MWIKALI', '', 'Female', 'Village', '2004-06-01', '2006-09-12', '', '', '2006-09-12', 0, '0000-00-00 00:00:00', ''),
(18199195, 'MUTINDA', '', 'JOHN', '', 'Male', 'Village', '2009-01-01', '2012-03-16', '', '', '2012-03-16', 0, '0000-00-00 00:00:00', ''),
(18199197, 'ESTHER', '', 'MUTHIANI', '', 'Female', 'Village', '2000-08-08', '2004-12-11', '', '', '2004-12-11', 0, '0000-00-00 00:00:00', ''),
(18199198, 'NICHOLAS', '', 'KASYOKA', '', 'Male', 'Village', '2015-09-16', '2017-06-02', '', '', '2017-06-02', 0, '0000-00-00 00:00:00', ''),
(18199199, 'KANINI', '', 'NDUKU', '', 'Female', 'Community', '2000-09-07', '2011-10-05', '', '', '2011-10-05', 0, '0000-00-00 00:00:00', ''),
(18199200, 'ELIZABETH', '', 'MWANZI', '', 'Female', 'Village', '2004-04-28', '2007-08-28', '', '', '2007-08-28', 0, '0000-00-00 00:00:00', ''),
(18199201, 'MUTINDA', '', 'KILONZI', '', 'Male', 'Village', '2008-04-25', '2018-09-02', '', '', '2018-09-02', 0, '0000-00-00 00:00:00', ''),
(18199203, 'JANE', '', 'KILONZI', '', 'Female', 'Village', '2011-06-29', '2018-09-02', '', '', '2018-09-02', 0, '0000-00-00 00:00:00', ''),
(18199204, 'MWENDE', '', 'MONICAH', '', 'Female', 'Village', '2007-04-30', '2009-01-04', '', '', '2009-01-04', 0, '0000-00-00 00:00:00', ''),
(18199205, 'KIOKO', '', 'MAKAU', '', 'Male', 'Village', '2006-04-01', '2009-02-07', '', '', '2009-02-07', 0, '0000-00-00 00:00:00', ''),
(18199209, 'FIBI', '', 'NGWASI', '', 'Female', 'Village', '2006-01-06', '2007-07-04', '', '', '2007-07-04', 0, '0000-00-00 00:00:00', ''),
(18199211, 'ANN', '', 'KASYOKA', '', 'Female', 'Village', '2008-02-14', '2017-06-02', '', '', '2017-06-02', 0, '0000-00-00 00:00:00', ''),
(18199212, 'ANN', '', 'NDULU', '', 'Female', 'Village', '1996-06-15', '2012-11-01', '', '', '2012-11-01', 0, '0000-00-00 00:00:00', ''),
(18199213, 'STEPHEN', '', 'KYALO', '', 'Male', 'Village', '2012-12-06', '2014-03-14', '', '', '2014-03-14', 0, '0000-00-00 00:00:00', ''),
(18199214, 'ELIZABETH', '', 'KALUNGU', '', 'Female', 'Village', '2004-07-16', '2011-03-08', '', '', '2011-03-08', 0, '0000-00-00 00:00:00', ''),
(18199215, 'MUSYOKI', '', 'MBITHE', '', 'Male', 'Village', '2006-02-24', '2012-08-13', '', '', '2012-08-13', 0, '0000-00-00 00:00:00', ''),
(18199216, 'NDUKU', '', 'KIVUVA', '', 'Female', 'Community', '1983-11-10', '2013-09-10', '', '', '2013-09-10', 0, '0000-00-00 00:00:00', ''),
(18199217, 'MARTHA', '', 'MBOYA', '', 'Female', 'G.P', '1979-06-08', '2008-03-31', '', '', '2008-03-31', 0, '0000-00-00 00:00:00', ''),
(18199218, 'FRANK', '', 'MUCHUMBE', '', 'Male', 'Village', '2001-01-06', '2018-10-31', '', '', '2018-10-31', 0, '0000-00-00 00:00:00', ''),
(18199220, 'TERESIA', '', 'MVIWA', '', 'Female', 'Village', '2009-06-23', '2010-02-25', '', '', '2010-02-25', 0, '0000-00-00 00:00:00', ''),
(18199221, 'EMMANUEL', '', 'MUTHINI', '', 'Male', 'Village', '2006-07-06', '2013-04-04', '', '', '2013-04-04', 0, '0000-00-00 00:00:00', ''),
(18199222, 'PENINAH', '', 'MAWIA', '', 'Female', 'Village', '2002-07-15', '2007-12-13', '', '', '2007-12-13', 0, '0000-00-00 00:00:00', ''),
(18199223, 'KATEI', '', 'MUNYAO', '', 'Female', 'Village', '2002-01-06', '2013-02-09', '', '', '2013-02-09', 0, '0000-00-00 00:00:00', ''),
(18199224, 'WANZIA', '', 'SAMBIA', '', 'Female', 'Village', '2001-06-07', '2008-06-05', '', '', '2008-06-05', 0, '0000-00-00 00:00:00', ''),
(18199225, 'ELIZABETH', '', 'MUKAI', '', 'Female', 'Village', '2004-06-18', '2010-10-21', '', '', '2010-10-21', 0, '0000-00-00 00:00:00', ''),
(18199226, 'ROSE', '', 'MONTHE', '', 'Female', 'Village', '2005-01-06', '2009-10-03', '', '', '2009-10-03', 0, '0000-00-00 00:00:00', ''),
(18199227, 'MWANZIA', '', 'KASEE', '', 'Male', 'Village', '2003-04-21', '2011-07-19', '', '', '2011-07-19', 0, '0000-00-00 00:00:00', ''),
(18199228, 'SHARON', 'MUMBE', 'KIMEU', '', 'Female', 'Village', '2008-01-06', '2010-11-30', '', '', '2010-11-30', 0, '0000-00-00 00:00:00', ''),
(18199229, 'WAMBUA', '', 'MANGOLE', '', 'Male', 'Village', '2001-01-06', '2011-07-15', '', '', '2011-07-15', 0, '0000-00-00 00:00:00', ''),
(18199231, 'DENNIS', '', 'NDUKU', '', 'Male', 'Village', '2011-10-22', '2018-11-07', '', '', '2018-11-07', 0, '0000-00-00 00:00:00', ''),
(18199232, 'MULI', '', 'NZIOKI', '', 'Male', 'Village', '2003-01-06', '2007-04-07', '', '', '2007-04-07', 0, '0000-00-00 00:00:00', ''),
(18199233, 'FAITH', '', 'NDINDA', '', 'Female', 'Village', '2005-05-25', '2011-10-06', '', '', '2011-10-06', 0, '0000-00-00 00:00:00', ''),
(18199234, 'TABITHA', '', 'MUTANU', '', 'Female', 'Village', '2011-08-05', '2017-11-12', '', '', '2017-11-12', 0, '0000-00-00 00:00:00', ''),
(18199236, 'MICHAEL', '', 'KATIWA', '', 'Male', 'Village', '2007-01-06', '2012-02-13', '', '', '2012-02-13', 0, '0000-00-00 00:00:00', ''),
(18199237, 'JORUM', '', 'MUNYAO', '', 'Male', 'Village', '2007-12-14', '2014-09-17', '', '', '2014-09-17', 0, '0000-00-00 00:00:00', ''),
(18199238, 'DAVID', '', 'MULINGE', '', 'Male', 'Village', '2005-01-06', '2013-01-17', '', '', '2013-01-17', 0, '0000-00-00 00:00:00', ''),
(18199239, 'FAITH', '', 'MWENDE', '', 'Female', 'Village', '2005-06-06', '2012-10-29', '', '', '2012-10-29', 0, '0000-00-00 00:00:00', ''),
(18199248, 'HALIMA', '', 'NTHOKI', '', 'Female', 'Village', '2008-07-07', '2016-07-05', '', '', '2016-07-05', 0, '0000-00-00 00:00:00', ''),
(18199250, 'NDANU', '', 'MUSENYA', '', 'Female', 'Village', '2009-01-01', '2009-09-17', '', '', '2009-09-17', 0, '0000-00-00 00:00:00', ''),
(18199251, 'GRACE', '', 'MUKELI', '', 'Female', 'G.P', '1971-01-01', '2005-08-15', '', '', '2005-08-15', 0, '0000-00-00 00:00:00', ''),
(18199252, 'VICTOR', '', 'MUENI', '', 'Male', 'Village', '2007-01-01', '2009-05-13', '', '', '2009-05-13', 0, '0000-00-00 00:00:00', ''),
(18199254, 'KYONGO', '', 'KIILU', '', 'Male', 'Village', '2006-01-01', '2008-12-23', '', '', '2008-12-23', 0, '0000-00-00 00:00:00', ''),
(18199255, 'KALONZO', '', 'SAMUEL', '', 'Male', 'Village', '2011-06-01', '2015-06-23', '', '', '2015-06-23', 0, '0000-00-00 00:00:00', ''),
(18199257, 'ESTHER', '', 'MWIKALI', '', 'Female', 'Village', '2007-06-10', '2018-11-21', '', '', '2018-11-21', 0, '0000-00-00 00:00:00', ''),
(18199258, 'MARK', '', 'MAKAU', '', 'Male', 'Community', '1994-01-02', '2007-03-31', '', '', '2007-03-31', 0, '0000-00-00 00:00:00', ''),
(18199259, 'EMILY', 'KITUNGUU', 'SAMMY', '', 'Female', 'Village', '2009-01-06', '2012-09-08', '', '', '2012-09-08', 0, '0000-00-00 00:00:00', ''),
(18199260, 'MUASYA', '', 'SARAH', '', 'Male', 'Village', '2005-01-06', '2007-06-02', '', '', '2007-06-02', 0, '0000-00-00 00:00:00', ''),
(18199261, 'AUSTIN', '', 'MUTHOKA', '', 'Male', 'Village', '2010-02-14', '2011-03-01', '', '', '2011-03-01', 0, '0000-00-00 00:00:00', ''),
(18199262, 'BERNARD', '', 'MBINDA', '', 'Male', 'Village', '2012-01-06', '2014-11-10', '', '', '2014-11-10', 0, '0000-00-00 00:00:00', ''),
(18199263, 'FAITH', '', 'MULATYA', '', 'Female', 'Village', '2005-06-15', '2011-08-03', '', '', '2011-08-03', 0, '0000-00-00 00:00:00', ''),
(18199264, 'ESTHER', '', 'KAKUVI', '', 'Female', 'Village', '2014-01-06', '2014-12-23', '', '', '2014-12-23', 0, '0000-00-00 00:00:00', ''),
(18199265, 'DANIEL', '', 'SAFARI', '', 'Male', 'Village', '2011-01-06', '2020-01-14', '', '', '2020-01-14', 0, '0000-00-00 00:00:00', ''),
(18199266, 'NTHENYA', '', 'MINOO', '', 'Female', 'Village', '2006-04-24', '2010-08-30', '', '', '2010-08-30', 0, '0000-00-00 00:00:00', ''),
(18199267, 'BEN', '', 'KATIWA', '', 'Male', 'Village', '2008-07-02', '2015-06-26', '', '', '2015-06-26', 0, '0000-00-00 00:00:00', ''),
(18199268, 'MAKAU', '', 'MUTIA', '', 'Male', 'Village', '2002-06-15', '2014-12-15', '', '', '2014-12-15', 0, '0000-00-00 00:00:00', ''),
(18199269, 'EUNICE', '', 'MUTHEU', '', 'Female', 'Village', '2009-06-26', '2014-08-28', '', '', '2014-08-28', 0, '0000-00-00 00:00:00', ''),
(18199270, 'SIMON', 'MWAURA', 'MBURU', '', 'Male', 'Village', '2012-01-06', '2015-02-12', '', '', '2015-02-12', 0, '0000-00-00 00:00:00', ''),
(18199272, 'MUSEMBI', '', 'MWIKALI', '', 'Male', 'Village', '2010-01-06', '0000-00-00', '', '', '0000-00-00', 0, '0000-00-00 00:00:00', ''),
(18199273, 'BEATRICE', 'MWIKALI', 'MULI', '', 'Female', 'Village', '2005-11-11', '2014-03-26', '', '', '2014-03-26', 0, '0000-00-00 00:00:00', ''),
(18199274, 'DANIEL', 'KITUKU', 'NDUNGE', '', 'Male', 'Village', '2010-01-06', '2015-05-05', '', '', '2015-05-05', 0, '0000-00-00 00:00:00', ''),
(18199275, 'NDUKU', '', 'NTHAMBI', '', 'Female', 'Village', '2003-04-22', '2011-04-14', '', '', '2011-04-14', 0, '0000-00-00 00:00:00', ''),
(18199276, 'ANTONY', 'WAMBUA', 'WAYUA', '', 'Male', 'Village', '2005-03-21', '2015-07-15', '', '', '2015-07-15', 0, '0000-00-00 00:00:00', ''),
(18199277, 'JOSEPH', '', 'MUSANGO', '', 'Male', 'Village', '2012-01-06', '2018-01-04', '', '', '2018-01-04', 0, '0000-00-00 00:00:00', ''),
(18199278, 'RHODA', 'NDUKU', 'NTHAMBI', '', 'Female', 'Village', '2020-01-11', '2012-02-15', '', '', '2012-02-15', 0, '0000-00-00 00:00:00', ''),
(18199279, 'FAITH', 'NDUNGE', 'MUENI', '', 'Female', 'Village', '2009-09-02', '2014-11-20', '', '', '2014-11-20', 0, '0000-00-00 00:00:00', ''),
(18199280, 'MARTHA', 'MUENI', 'GRACE', '', 'Female', 'Village', '2003-01-06', '2018-07-11', '', '', '2018-07-11', 0, '0000-00-00 00:00:00', ''),
(18199281, 'DANIEL', '', 'BARAKA', '720142280', 'Male', 'Community', '2020-03-19', '2020-03-20', '', '', '2020-03-21', 0, '0000-00-00 00:00:00', ''),
(18199282, 'Mwinzi', '', 'Paul', '', 'Male', 'Village', '2007-06-06', '2010-09-30', 'ABC/3TC/DTG', '', '2021-03-03', 0, '2021-05-19 12:50:10', ''),
(18199283, 'Daniel', '', 'Musyoki', '', 'Male', 'Village', '2011-07-27', '2016-06-07', 'ABC/3TC/LPVR', 'Second Line', '2021-02-24', 0, '2021-05-19 12:54:45', '');

-- --------------------------------------------------------

--
-- Stand-in structure for view `detailed_results`
-- (See below for the actual view)
--
CREATE TABLE `detailed_results` (
`ccc_no` int(18)
,`Fname` varchar(20)
,`Mname` varchar(20)
,`Lname` varchar(20)
,`Gender` varchar(255)
,`Residence` varchar(15)
,`Dob` date
,`years` double(17,0)
,`months` int(6)
,`ResultsID` int(11)
,`ccc_count` int(30)
,`art_start_date` date
,`art_regimen` varchar(255)
,`current_art_date` date
,`pre_vl_date` date
,`pre_vl_results` varchar(18)
,`curr_vl_date` date
,`viral_load` varchar(18)
,`cd4` int(18)
,`mstari` varchar(255)
,`Curr_VL_duration` int(7)
);

-- --------------------------------------------------------

--
-- Table structure for table `password_reset_temp`
--

CREATE TABLE `password_reset_temp` (
  `Id_no` int(255) NOT NULL,
  `email` varchar(255) NOT NULL,
  `key` varchar(255) NOT NULL,
  `expDate` datetime NOT NULL
) ENGINE=InnoDB DEFAULT CHARSET=utf8mb4;

-- --------------------------------------------------------

--
-- Table structure for table `results`
--

CREATE TABLE `results` (
  `ResultsID` int(11) NOT NULL,
  `ccc_count` int(30) NOT NULL,
  `art_start_date` date NOT NULL,
  `art_regimen` varchar(255) NOT NULL,
  `current_art_date` date NOT NULL,
  `pre_vl_date` date NOT NULL,
  `pre_vl_results` varchar(18) NOT NULL,
  `curr_vl_date` date NOT NULL,
  `viral_load` varchar(18) NOT NULL,
  `cd4` int(18) NOT NULL,
  `mstari` varchar(255) NOT NULL
) ENGINE=InnoDB DEFAULT CHARSET=utf8mb4;

--
-- Dumping data for table `results`
--

INSERT INTO `results` (`ResultsID`, `ccc_count`, `art_start_date`, `art_regimen`, `current_art_date`, `pre_vl_date`, `pre_vl_results`, `curr_vl_date`, `viral_load`, `cd4`, `mstari`) VALUES
(2, 18199082, '2012-12-01', 'TDF/3TC/DTG', '2019-01-28', '0000-00-00', '', '2019-05-18', 'LDL', 267, '1'),
(3, 18199093, '2015-11-24', 'ABC/3TC/DTG', '2020-02-05', '0000-00-00', '', '2020-01-10', 'LDL', 635, '1'),
(4, 18199094, '2010-12-05', 'TDF/3TC/DTG', '2020-02-05', '0000-00-00', '', '2020-03-17', 'LDL', 839, '1'),
(5, 18199095, '2012-09-01', 'TDF/3TC/DTG', '2019-07-10', '0000-00-00', '', '2019-11-18', 'LDL', 637, '1'),
(6, 18199096, '2013-01-01', 'ABC/3TC/DTG', '2020-02-13', '2020-02-19', 'LDL', '2020-06-30', 'LDL', 1, '1'),
(7, 18199097, '2010-02-24', 'TDF/3TC/DTG', '2018-10-25', '2019-08-23', 'LDL', '2020-09-01', 'LDL', 720, '1'),
(8, 18199098, '2018-09-02', 'ABC/3TC/LPVR', '2020-02-12', '0000-00-00', '', '2019-11-18', 'LDL', 490, '1'),
(9, 18199099, '2014-05-14', 'TDF/3TC/DTG', '2020-02-05', '0000-00-00', '', '2020-03-17', 'LDL', 966, '1'),
(10, 18199100, '2010-03-05', 'TDF/3TC/DTG', '2020-06-24', '0000-00-00', '', '2020-02-19', 'LDL', 822, '1'),
(11, 18199101, '2009-07-10', 'TDF/3TC/DTG', '2019-06-13', '2019-06-25', 'LDL', '2020-06-30', 'LDL', 654, '1'),
(12, 18199102, '2010-03-15', 'TDF/3TC/DTG', '2020-02-05', '0000-00-00', '', '2020-03-17', 'LDL', 672, '2'),
(13, 18199103, '2009-02-07', 'TDF/3TC/DTG', '2020-02-05', '2019-03-25', 'LDL', '2020-06-30', 'LDL', 715, '1'),
(14, 18199104, '2008-01-30', 'TDF/3TC/DTG', '2020-02-06', '2019-09-11', 'LDL', '2020-06-30', 'LDL', 1, '1'),
(15, 18199105, '2009-07-05', 'TDF/3TC/DTG', '2020-06-24', '2020-02-07', '43934', '2020-08-18', 'LDL', 729, '1'),
(16, 18199106, '2015-08-21', 'TDF/3TC/DTG', '2019-05-03', '2018-07-14', '55162', '2020-06-30', 'LDL', 600, '1'),
(17, 18199110, '2008-01-18', 'TDF/3TC/DTG', '2018-11-07', '0000-00-00', '', '2019-12-03', 'LDL', 938, '1'),
(18, 18199111, '2007-09-08', 'ABC/3TC/DTG', '2020-01-29', '2019-10-24', 'LDL', '2020-08-18', 'LDL', 1, '2'),
(19, 18199112, '2009-11-05', 'ABC/3TC/DTG', '2020-01-26', '2019-08-21', '635', '2020-06-30', 'LDL', 525, '1'),
(20, 18199116, '2007-10-25', 'TDF/3TC/DTG', '2018-07-11', '0000-00-00', '', '2019-09-11', 'LDL', 774, '1'),
(21, 18199117, '2013-06-05', 'TDF/3TC/DTG', '2020-01-29', '2019-09-04', 'LDL', '2020-06-30', 'LDL', 963, '1'),
(22, 18199121, '2007-06-03', 'TDF/3TC/DTG', '2018-07-11', '0000-00-00', '', '2019-11-18', 'LDL', 863, '1'),
(23, 18199123, '2009-01-23', 'TDF/3TC/DTG', '2020-01-29', '2019-09-11', 'LDL', '2020-06-30', 'LDL', 1, '1'),
(24, 18199125, '2011-11-05', 'ABC/3TC/DTG', '2020-01-29', '0000-00-00', '', '2019-08-22', 'LDL', 456, '1'),
(25, 18199126, '2017-01-10', 'ABC/3TC/KALETRA', '2020-01-23', '0000-00-00', '', '2020-03-12', '159', 1, '1'),
(26, 18199127, '2010-08-13', 'ABC/3TC/DTG', '2020-01-29', '0000-00-00', '', '2020-03-17', '382', 771, '1'),
(27, 18199128, '2010-09-14', 'TDF/3TC/DTG', '2018-07-11', '0000-00-00', '', '2019-11-06', 'LDL', 463, '1'),
(28, 18199129, '2014-08-09', 'ABC/3TC/DTG', '2020-02-26', '2019-05-29', '181', '2020-06-30', 'LDL', 542, '1'),
(29, 18199131, '2007-12-04', 'TDF/3TC/DTG', '2019-03-13', '0000-00-00', '', '2020-01-23', '150', 520, '1'),
(30, 18199132, '2003-06-02', 'TDF/3TC/DTG', '2020-01-23', '2019-10-24', '1064', '2020-08-18', 'LDL', 340, '1'),
(31, 18199133, '2012-11-14', 'TDF/3TC/DTG', '2020-02-19', '0000-00-00', '', '2019-11-06', 'LDL', 713, '1'),
(32, 18199136, '2007-01-06', 'TDF/3TC/DTG', '2019-01-08', '2018-09-05', 'LDL', '2020-06-30', '3885', 940, '1'),
(33, 18199137, '2013-01-07', 'ABC/3TC/DTG', '2020-02-05', '2020-10-24', 'LDL', '2020-08-18', 'LDL', 677, '2'),
(34, 18199138, '2009-07-16', 'TDF/3TC/DTG', '2020-06-10', '2019-05-18', 'LDL', '2020-08-18', 'LDL', 787, '1'),
(35, 18199139, '2014-10-04', 'TDF/3TC/DTG', '2020-01-29', '2020-02-07', '32134', '2020-06-30', 'LDL', 915, '1'),
(36, 18199140, '2017-08-27', 'ABC/3TC/DTG', '2020-06-10', '0000-00-00', '', '2019-11-06', 'LDL', 1, '1'),
(37, 18199150, '2009-09-14', 'TDF/3TC/DTG', '2020-02-12', '0000-00-00', '', '2019-09-04', 'LDL', 508, '1'),
(38, 18199151, '2015-03-30', 'ABC/3TC/DTG', '2020-01-22', '2020-02-05', '2614', '2020-08-18', '8856', 391, '1'),
(39, 18199154, '2012-11-14', 'TDF/3TC/DTG', '2019-03-06', '0000-00-00', '', '2019-11-06', 'LDL', 1, '1'),
(40, 18199155, '2010-03-06', 'TDF/3TC/DTG', '2020-02-19', '2019-08-22', 'LDL', '2020-09-01', 'LDL', 440, '2'),
(41, 18199157, '2011-08-12', 'ABC/3TC/DTG', '2020-01-23', '2019-11-06', 'LDL', '2020-09-01', 'LDL', 1, '1'),
(42, 18199158, '2016-12-16', 'TDF/3TC/DTG', '2019-08-01', '0000-00-00', '', '2018-09-13', 'LDL', 0, '1'),
(43, 18199160, '2014-07-21', 'TDF/3TC/DTG', '2018-12-20', '0000-00-00', '', '2019-12-20', 'LDL', 755, '1'),
(44, 18199161, '2009-07-08', 'TDF/3TC/DTG', '2018-12-27', '0000-00-00', '', '2018-08-29', 'LDL', 589, '1'),
(45, 18199162, '2017-03-02', 'TDF/3TC/DTG', '2020-05-29', '0000-00-00', '', '2019-01-10', '21990', 229, '2'),
(46, 18199163, '2014-10-23', 'TDF/3TC/DTG', '2018-12-17', '0000-00-00', '', '2018-08-20', 'LDL', 988, '1'),
(47, 18199164, '2009-07-07', 'TDF/3TC/DTG', '2019-03-20', '0000-00-00', '', '2019-09-04', 'LDL', 178, '1'),
(48, 18199165, '2009-02-08', 'TDF/3TC/DTG', '2020-03-18', '0000-00-00', '', '2019-12-20', 'LDL', 497, '1'),
(49, 18199166, '2005-08-02', 'TDF/3TC/DTG', '2019-06-12', '0000-00-00', '', '2019-12-05', '5187', 312, '1'),
(50, 18199167, '2016-08-08', 'TDF/3TC/DTG', '2020-02-17', '0000-00-00', '', '2019-09-04', 'LDL', 262, '1'),
(51, 18199168, '2017-03-17', 'TDF/3TC/DTG', '2020-02-13', '0000-00-00', '', '2020-02-19', '88365', 669, '1'),
(52, 18199169, '2007-11-26', 'TDF/3TC/DTG', '2020-02-05', '0000-00-00', '', '2019-11-18', '393', 1113, '2'),
(53, 18199170, '2012-11-25', 'TDF/3TC/DTG', '2020-03-31', '0000-00-00', '', '2018-02-01', 'LDL', 489, '1'),
(54, 18199171, '2009-06-18', 'TDF/3TC/DTG', '2019-11-04', '0000-00-00', '', '2019-01-10', 'LDL', 407, '1'),
(55, 18199172, '2014-06-24', 'TDF/3TC/DTG', '2014-06-24', '0000-00-00', '', '2019-01-10', 'LDL', 390, '1'),
(56, 18199175, '2010-06-18', 'TDF/3TC/DTG', '2020-03-26', '2018-06-06', 'LDL', '2020-09-01', 'LDL', 1011, '1'),
(57, 18199176, '2011-08-06', 'TDF/3TC/DTG', '2019-02-18', '0000-00-00', '', '2019-12-11', 'LDL', 297, '1'),
(58, 18199177, '2010-07-31', 'TDF/3TC/DTG', '2020-03-03', '0000-00-00', '', '2019-12-11', 'LDL', 564, '1'),
(59, 18199178, '2014-08-02', 'TDF/3TC/DTG', '2020-01-20', '0000-00-00', '', '2019-03-28', 'LDL', 578, '1'),
(60, 18199179, '2009-03-09', 'TDF/3TC/EFV', '2016-06-08', '0000-00-00', '', '2019-10-24', 'LDL', 827, '1'),
(61, 18199180, '2013-04-15', 'TDF/3TC/DTG', '2018-11-20', '0000-00-00', '', '2020-01-23', 'LDL', 643, '1'),
(62, 18199181, '2010-09-29', 'TDF/3TC/DTG', '2020-02-12', '0000-00-00', '', '2019-11-18', 'LDL', 859, '1'),
(63, 18199182, '2012-11-08', 'TDF/3TC/DTG', '2020-02-12', '2019-11-06', '1394', '2020-08-18', 'LDL', 750, '1'),
(64, 18199183, '2010-09-29', 'TDF/3TC/DTG', '2018-10-24', '0000-00-00', '', '2020-03-18', 'LDL', 835, '1'),
(65, 18199188, '0000-00-00', 'ABC/3TC/DTG', '2020-02-13', '2019-10-24', '1206', '2020-08-18', 'LDL', 633, '1'),
(66, 18199191, '2014-08-26', 'ABC/3TC/DTG', '2020-01-22', '0000-00-00', '', '2020-02-05', 'LDL', 932, '1'),
(67, 18199192, '2012-04-19', 'TDF/3TC/DTG', '2020-02-12', '2019-06-24', 'LDL', '2020-06-30', 'LDL', 1, '2'),
(68, 18199193, '2006-09-12', 'TDF/3TC/DTG', '2020-01-22', '0000-00-00', '', '2019-10-24', '554', 799, '1'),
(69, 18199195, '2012-03-16', 'ABC/3TC/DTG', '2020-01-22', '0000-00-00', '', '2019-10-24', 'LDL', 944, '1'),
(70, 18199197, '2004-12-11', 'TDF/3TC/DTG', '2020-02-12', '0000-00-00', '', '2020-03-19', 'LDL', 547, '1'),
(71, 18199198, '2017-06-02', 'ABC/3TC/KALETRA', '2020-02-12', '2019-08-22', 'LDL', '2020-09-01', 'LDL', 1, '1'),
(72, 18199199, '2011-10-05', 'TDF/3TC/EFV', '2019-02-14', '0000-00-00', '', '2019-09-04', '2506', 322, '1'),
(73, 18199200, '2007-08-28', 'TDF/3TC/DTG', '2020-02-12', '2019-09-04', '1610', '2020-08-18', 'LDL', 694, '1'),
(74, 18199201, '2018-09-02', 'ABC/3TC/DTG', '2020-02-12', '2019-06-25', 'LDL', '2020-09-01', 'LDL', 944, '1'),
(75, 18199203, '2018-09-02', 'ABC/3TC/LPVR', '2020-02-12', '0000-00-00', '', '2019-11-06', 'LDL', 592, '1'),
(76, 18199204, '2009-01-04', 'TDF/3TC/DTG', '2020-02-12', '0000-00-00', '', '2020-02-19', 'LDL', 502, '2'),
(77, 18199205, '2009-02-07', 'TDF/3TC/DTG', '2020-02-05', '2020-01-10', '62243', '2020-06-30', 'LDL', 566, '1'),
(78, 18199209, '2007-07-04', 'TDF/3TC/DTG', '2020-02-12', '2019-06-24', 'LDL', '2020-06-30', 'LDL', 628, '1'),
(79, 18199211, '2017-06-02', 'TDF/3TC/DTG', '2020-06-10', '2019-08-29', 'LDL', '2020-08-18', 'LDL', 1, '1'),
(80, 18199212, '2012-11-01', 'TDF/3TC/DTG', '2020-02-12', '2019-08-30', 'LDL', '2020-09-01', 'LDL', 94, '1'),
(81, 18199213, '2014-03-14', 'ABC/3TC/KALETRA', '2020-03-04', '0000-00-00', '', '2019-12-06', 'LDL', 1, '1'),
(82, 18199214, '2011-03-08', 'TDF/3TC/DTG', '2020-03-04', '2019-06-26', '360', '2020-08-18', 'LDL', 863, '1'),
(83, 18199215, '2012-08-13', 'ABC/3TC/DTG', '2020-01-22', '2019-06-26', '8144', '2020-08-18', 'LDL', 694, '1'),
(84, 18199216, '2013-09-10', 'TDF/3TC/DTG', '2020-01-30', '2020-03-21', '221154', '2019-12-20', 'LDL', 596, '1'),
(85, 18199217, '2008-03-31', 'TDF/3TC/DTG', '2019-01-23', '0000-00-00', '', '2019-12-20', 'LDL', 925, '1'),
(86, 18199218, '2018-10-31', 'TDF/3TC/DTG', '2018-10-31', '2019-08-29', 'LDL', '2020-09-01', 'LDL', 588, '1'),
(87, 18199220, '2010-02-25', 'ABC/3TC/KALETRA', '2020-01-23', '2020-01-24', '59044', '2020-06-30', 'LDL', 471, '1'),
(88, 18199221, '2013-04-04', 'TDF/3TC/DTG', '2020-01-23', '2019-11-18', '19369', '2020-08-18', 'LDL', 1, '1'),
(89, 18199222, '2007-12-13', 'TDF/3TC/DTG', '2020-02-05', '2020-01-10', '111211', '2020-08-18', 'LDL', 791, '2'),
(90, 18199223, '2013-02-09', 'TDF/3TC/DTG', '2020-02-05', '0000-00-00', '', '2019-11-18', 'LDL', 625, '1'),
(91, 18199224, '2008-06-05', 'TDF/3TC/DTG', '2020-02-05', '0000-00-00', '', '2019-11-06', 'LDL', 356, '1'),
(92, 18199225, '2010-10-21', 'TDF/3TC/DTG', '2020-02-12', '0000-00-00', '', '2019-11-18', 'LDL', 671, '1'),
(93, 18199226, '2009-10-03', 'TDF/3TC/DTG', '2020-02-12', '2019-10-16', 'LDL', '2020-06-30', '246', 1, '1'),
(94, 18199227, '2011-07-19', 'TDF/3TC/DTG', '2019-02-27', '0000-00-00', '', '2019-09-04', 'LDL', 273, '1'),
(95, 18199228, '2010-11-30', 'ABC/3TC/DTG', '2020-02-19', '0000-00-00', '', '2019-10-24', 'LDL', 742, '1'),
(96, 18199229, '2011-07-15', 'TDF/3TC/DTG', '2020-02-05', '0000-00-00', '', '2020-03-18', 'LDL', 484, '2'),
(97, 18199231, '2018-11-07', 'ABC/3TC/DTG', '2020-01-22', '0000-00-00', '', '2020-02-05', '533', 44, '1'),
(98, 18199232, '2007-04-07', 'TDF/3TC/ KALETRA', '2013-11-15', '2020-02-19', 'LDL', '2020-09-04', 'LDL', 743, '2'),
(99, 18199233, '2011-10-06', 'TDF/3TC/DTG', '2020-02-05', '2019-09-11', '278', '2020-06-30', 'LDL', 734, '1'),
(100, 18199234, '2017-11-12', 'ABC/3TC/KALETRA', '2020-03-05', '2020-03-19', '1130', '2020-08-18', 'LDL', 667, '1'),
(101, 18199236, '2012-02-13', 'TDF/3TC/DTG', '2020-01-22', '0000-00-00', '', '2019-12-03', 'LDL', 709, '1'),
(102, 18199237, '2014-09-17', 'TDF/3TC/DTG', '2020-01-22', '0000-00-00', '', '2020-03-19', 'LDL', 1, '1'),
(103, 18199238, '2013-01-17', 'ABC/3TC/DTG', '2020-01-22', '2019-09-04', '78836', '2020-06-30', 'LDL', 599, '1'),
(104, 18199239, '2012-10-29', 'TDF/3TC/DTG', '2020-01-22', '0000-00-00', '', '2019-10-24', 'LDL', 742, '1'),
(105, 18199248, '2016-07-05', 'TDF/3TC/DTG', '2020-02-05', '0000-00-00', '', '2019-10-24', '657', 475, '2'),
(106, 18199250, '2009-09-17', 'TDF/3TC/DTG', '2020-01-29', '0000-00-00', '', '2020-03-17', 'LDL', 658, '1'),
(107, 18199251, '2005-08-15', 'TDF/3TC/DTG', '2019-06-05', '0000-00-00', '', '2019-08-22', 'LDL', 436, '1'),
(108, 18199252, '2009-05-13', 'TDF/3TC/DTG', '2020-02-26', '0000-00-00', '', '2020-01-10', 'LDL', 1, '2'),
(109, 18199254, '2008-12-23', 'ABC/3TC/DTG', '2020-02-05', '0000-00-00', '', '2020-02-05', '150', 1, '2'),
(110, 18199255, '2015-06-23', 'ABC/3TC/DTG', '2020-01-29', '0000-00-00', '', '2020-03-17', 'LDL', 877, '1'),
(111, 18199257, '2018-11-21', 'ABC/3TC/DTG', '2020-02-19', '0000-00-00', '', '2019-08-29', 'LDL', 1, '1'),
(112, 18199258, '2007-03-31', 'TDF/3TC/DTG', '2018-12-06', '2018-12-11', 'LDL', '2020-09-01', 'LDL', 619, '1'),
(113, 18199259, '2012-09-08', 'ABC/3TC/DTG', '2020-02-19', '2019-10-24', 'LDL', '2020-08-18', 'LDL', 1, '2'),
(114, 18199260, '2007-06-02', 'TDF/3TC/DTG', '2020-02-26', '0000-00-00', '', '2019-10-24', 'LDL', 958, '1'),
(115, 18199261, '2011-03-01', 'ABC/3TC/DTG', '2020-01-30', '0000-00-00', '', '2019-12-03', 'LDL', 0, '1'),
(116, 18199262, '2014-11-10', 'ABC/3TC/DTG', '2020-01-29', '0000-00-00', '', '2020-01-23', '150', 1, '2'),
(117, 18199263, '2011-08-03', 'TDF/3TC/DTG', '2020-02-12', '2020-02-05', '2446', '2020-08-18', '49064', 184, '2'),
(118, 18199264, '2014-12-23', 'ABC/3TC/KALETRA', '2020-03-04', '0000-00-00', '', '2020-06-30', 'LDL', 1, '1'),
(119, 18199265, '2020-01-14', 'ABC/3TC/DTG', '2020-01-14', '2020-01-23', '107603', '2020-08-18', 'LDL', 779, '1'),
(120, 18199266, '2010-08-30', 'TDF/3TC/DTG', '2020-01-29', '0000-00-00', '', '2020-03-19', 'LDL', 297, '1'),
(121, 18199267, '2015-06-26', 'TDF/3TC/DTG', '2019-08-22', '0000-00-00', '', '2020-03-12', 'LDL', 1, '1'),
(122, 18199268, '2014-12-15', 'ABC/3TC/LPVR', '2019-06-26', '0000-00-00', '', '2020-02-19', 'LDL', 577, '2'),
(123, 18199269, '2014-08-28', 'ABC/3TC/DTG', '0000-00-00', '2019-11-06', '63', '2020-09-01', 'LDL', 0, '1'),
(124, 18199270, '2015-02-12', 'ABC/3TC/DTG', '2020-02-19', '0000-00-00', '', '2020-03-17', 'LDL', 915, '1'),
(125, 18199272, '0000-00-00', 'ABC/3TC/DTG', '2020-02-21', '0000-00-00', '', '2020-03-17', 'LDL', 742, '1'),
(126, 18199273, '2014-03-26', 'TDF/3TC/DTG', '2020-02-24', '2019-10-01', 'LDL', '2020-09-01', 'LDL', 713, '1'),
(127, 18199274, '2015-05-05', 'ABC/3TC/DTG', '2020-02-26', '0000-00-00', '', '2020-03-17', 'LDL', 1, '1'),
(128, 18199275, '2011-04-14', 'TDF/3TC/DTG', '2020-02-26', '0000-00-00', '', '2020-03-17', 'LDL', 1, '2'),
(129, 18199276, '2015-07-15', 'TDF/3TC/DTG', '2020-02-26', '0000-00-00', '', '2020-06-30', 'LDL', 668, '1'),
(130, 18199277, '2018-01-04', 'ABC/3TC/KALETRA', '2020-03-10', '2020-03-17', '9135', '2020-09-01', 'LDL', 452, '1'),
(131, 18199278, '2012-02-15', 'TDF/3TC/DTG', '2020-01-07', '2019-08-06', 'LDL', '2020-08-18', 'LDL', 827, '1'),
(132, 18199279, '2014-11-20', 'TDF/3TC/DTG', '2020-03-09', '0000-00-00', '', '2020-03-17', 'LDL', 1, '1'),
(133, 18199280, '2018-07-11', 'TDF/3TC/DTG', '2020-04-08', '2019-12-18', 'LDL', '2020-08-18', 'LDL', 816, '1'),
(134, 18199281, '0000-00-00', 'NVP+CTX', '0000-00-00', '0000-00-00', '', '2020-03-19', '0', 0, 'Exposed'),
(135, 18199095, '2012-09-01', 'TDF/3TC/KALETRA', '0000-00-00', '2019-11-18', 'LDL', '2021-02-12', 'LDL', 637, '1'),
(137, 18199094, '2010-12-05', 'ABC/3TC/KALETRA', '0000-00-00', '2020-03-17', 'LDL', '2021-02-12', '624', 361, '2'),
(138, 18199227, '2011-07-19', 'TDF/3TC/DTG', '0000-00-00', '2019-09-04', 'LDL', '2021-01-15', 'LDL', 273, '1'),
(139, 18199257, '2018-11-21', 'ABC/3TC/DTG', '0000-00-00', '2019-08-29', 'LDL', '2021-01-15', 'LDL', 1, '1'),
(140, 18199140, '2017-08-27', 'ABC/3TC/DTG', '0000-00-00', '2019-11-06', 'LDL', '2021-01-15', '200', 1, '1'),
(141, 18199203, '2018-09-02', 'ABC/3TC/LPVR', '0000-00-00', '2019-11-06', 'LDL', '2021-01-15', 'LDL', 592, '1'),
(142, 18199224, '2008-06-05', 'TDF/3TC/DTG', '0000-00-00', '2019-11-06', 'LDL', '2021-01-15', 'LDL', 356, '1'),
(143, 18199169, '2007-11-26', 'TDF/3TC/DTG', '0000-00-00', '2019-11-18', '393', '2021-01-15', 'LDL', 1113, '2'),
(144, 18199213, '2014-03-14', 'ABC/3TC/KALETRA', '0000-00-00', '2019-12-06', 'LDL', '2021-01-15', 'LDL', 1, '1'),
(145, 18199128, '2010-09-14', 'TDF/3TC/DTG', '0000-00-00', '2019-11-06', 'LDL', '2021-01-15', 'LDL', 463, '1'),
(146, 18199121, '2007-06-03', 'TDF/3TC/DTG', '0000-00-00', '2019-11-18', 'LDL', '2021-01-15', '12857', 863, '1'),
(147, 18199236, '2012-02-13', 'TDF/3TC/DTG', '0000-00-00', '2019-12-03', 'LDL', '2021-01-15', 'LDL', 709, '1'),
(148, 18199261, '2011-03-01', 'ABC/3TC/DTG', '0000-00-00', '2019-12-03', 'LDL', '2021-01-15', 'LDL', 0, '1'),
(149, 18199110, '2008-01-18', 'TDF/3TC/DTG', '0000-00-00', '2019-12-03', 'LDL', '2021-01-15', 'LDL', 938, '1'),
(150, 18199138, '2009-07-16', 'TDF/3TC/DTG', '0000-00-00', '2020-08-18', 'LDL', '2021-01-15', 'LDL', 787, '1'),
(151, 18199225, '2010-10-21', 'TDF/3TC/DTG', '0000-00-00', '2019-11-18', 'LDL', '2021-01-15', 'LDL', 671, '1'),
(152, 18199125, '2011-11-05', 'ABC/3TC/DTG', '0000-00-00', '2019-08-22', 'LDL', '2021-01-15', 'LDL', 456, '1'),
(153, 18199095, '2012-09-01', 'TDF/3TC/DTG', '0000-00-00', '2021-02-13', 'LDL', '2021-01-15', 'LDL', 637, '1'),
(154, 18199191, '2014-08-26', 'ABC/3TC/DTG', '0000-00-00', '2020-02-05', 'LDL', '2021-02-16', 'LDL', 932, '1'),
(155, 18199096, '2013-01-01', 'ABC/3TC/DTG', '0000-00-00', '2020-06-30', 'LDL', '2021-02-17', 'LDL', 1, '1'),
(156, 18199100, '2010-03-05', 'TDF/3TC/DTG', '0000-00-00', '2020-02-19', 'LDL', '2021-02-16', 'LDL', 822, '1'),
(157, 18199252, '2009-05-13', 'TDF/3TC/DTG', '0000-00-00', '2020-01-10', 'LDL', '2021-02-16', 'LDL', 1, '2'),
(158, 18199254, '2008-12-23', 'ABC/3TC/DTG', '0000-00-00', '2020-02-05', '150', '2021-02-16', 'LDL', 1, '2'),
(159, 18199131, '2007-12-04', 'TDF/3TC/DTG', '0000-00-00', '2020-01-23', '150', '2021-02-16', 'LDL', 520, '1'),
(160, 18199204, '2009-01-04', 'TDF/3TC/DTG', '0000-00-00', '2020-02-19', 'LDL', '2021-02-16', 'LDL', 502, '2'),
(161, 18199257, '2018-11-21', 'ABC/3TC/DTG', '0000-00-00', '2021-01-15', 'LDL', '2021-02-16', 'LDL', 1, '1'),
(162, 18199268, '2014-12-15', 'ABC/3TC/LPVR', '0000-00-00', '2020-02-19', 'LDL', '2021-02-16', 'LDL', 577, '2'),
(163, 18199133, '2012-11-14', 'TDF/3TC/DTG', '0000-00-00', '2019-11-06', 'LDL', '2021-02-16', 'LDL', 713, '1'),
(164, 18199165, '2009-02-08', 'TDF/3TC/DTG', '0000-00-00', '2019-12-20', 'LDL', '2021-02-16', 'LDL', 497, '1'),
(165, 18199167, '2016-08-08', 'TDF/3TC/DTG', '0000-00-00', '2019-09-04', 'LDL', '2021-02-16', 'LDL', 262, '1'),
(166, 18199217, '2008-03-31', 'TDF/3TC/DTG', '0000-00-00', '2019-12-20', 'LDL', '2021-02-16', 'LDL', 925, '1'),
(167, 18199176, '2011-08-06', 'TDF/3TC/DTG', '0000-00-00', '2019-12-11', 'LDL', '2021-02-16', 'LDL', 297, '1'),
(168, 18199082, '2012-12-01', 'TDF/3TC/DTG', '0000-00-00', '2019-05-18', 'LDL', '2021-02-16', 'LDL', 267, '1');

-- --------------------------------------------------------

--
-- Stand-in structure for view `summary_report`
-- (See below for the actual view)
--
CREATE TABLE `summary_report` (
`Age_Group` varchar(7)
,`Male` decimal(22,0)
,`Female` decimal(22,0)
,`total` bigint(21)
);

-- --------------------------------------------------------

--
-- Table structure for table `user_reg`
--

CREATE TABLE `user_reg` (
  `User_id` int(11) NOT NULL,
  `Fname` varchar(20) NOT NULL,
  `Lname` varchar(20) NOT NULL,
  `username` varchar(20) NOT NULL,
  `email` varchar(30) NOT NULL,
  `passwordk` varchar(300) NOT NULL,
  `con_passwordk` varchar(300) NOT NULL,
  `Gender` varchar(255) NOT NULL
) ENGINE=InnoDB DEFAULT CHARSET=utf8mb4;

--
-- Dumping data for table `user_reg`
--

INSERT INTO `user_reg` (`User_id`, `Fname`, `Lname`, `username`, `email`, `passwordk`, `con_passwordk`, `Gender`) VALUES
(1, 'Lucky', 'Makau', 'Lucky', 'makaulucky20@gmail.com', '1f168838cdda252f94323ba3c25bc7d4', '12', 'Male'),
(2, 'Catherine ', 'Ngave', 'katengave', 'cngave@gmail.com', '4950a2964c3ad7e31cab3bf60c85b63f', 'Ruhamah.2014', 'Female'),
(3, 'Marygoret', 'Mwanza', 'Marygoret', 'marygoret@gmail.com', '33523197670d8376a753a636c8b21b3c', '33523197670d8376a753a636c8b21b3c', 'Female'),
(4, 'James', 'Kingoo', 'Kinj', 'jaykin76@gmail.com', 'fc0bf9b04b33ff75617175a5de463031', 'fc0bf9b04b33ff75617175a5de463031', 'Male');

-- --------------------------------------------------------

--
-- Structure for view `detailed_results`
--
DROP TABLE IF EXISTS `detailed_results`;

CREATE ALGORITHM=UNDEFINED DEFINER=`root`@`localhost` SQL SECURITY DEFINER VIEW `detailed_results`  AS SELECT `a`.`ccc_no` AS `ccc_no`, `a`.`Fname` AS `Fname`, `a`.`Mname` AS `Mname`, `a`.`Lname` AS `Lname`, `a`.`Gender` AS `Gender`, `a`.`Residence` AS `Residence`, `a`.`Dob` AS `Dob`, date_format(curdate(),'%Y') - date_format(`a`.`Dob`,'%Y') - (date_format(curdate(),'00-%m-%d') < date_format(`a`.`Dob`,'00-%m-%d')) AS `years`, period_diff(date_format(curdate(),'%Y%m'),date_format(`a`.`Dob`,'%Y%m')) MOD 12 AS `months`, `r`.`ResultsID` AS `ResultsID`, `r`.`ccc_count` AS `ccc_count`, `r`.`art_start_date` AS `art_start_date`, `r`.`art_regimen` AS `art_regimen`, `r`.`current_art_date` AS `current_art_date`, `r`.`pre_vl_date` AS `pre_vl_date`, `r`.`pre_vl_results` AS `pre_vl_results`, `r`.`curr_vl_date` AS `curr_vl_date`, `r`.`viral_load` AS `viral_load`, `r`.`cd4` AS `cd4`, `r`.`mstari` AS `mstari`, to_days(curdate()) - to_days(`r`.`curr_vl_date`) AS `Curr_VL_duration` FROM (`results` `r` left join `admission` `a` on(`a`.`ccc_no` = `r`.`ccc_count`)) ;

-- --------------------------------------------------------

--
-- Structure for view `summary_report`
--
DROP TABLE IF EXISTS `summary_report`;

CREATE ALGORITHM=UNDEFINED DEFINER=`root`@`localhost` SQL SECURITY DEFINER VIEW `summary_report`  AS SELECT CASE WHEN timestampdiff(YEAR,`detailed_results`.`Dob`,current_timestamp()) < 1 THEN 'Below 1' WHEN timestampdiff(YEAR,`detailed_results`.`Dob`,current_timestamp()) between 1 and 4 THEN '01-4' WHEN timestampdiff(YEAR,`detailed_results`.`Dob`,current_timestamp()) between 5 and 9 THEN '05-9' WHEN timestampdiff(YEAR,`detailed_results`.`Dob`,current_timestamp()) between 10 and 14 THEN '10-14' WHEN timestampdiff(YEAR,`detailed_results`.`Dob`,current_timestamp()) between 15 and 19 THEN '15-19' WHEN timestampdiff(YEAR,`detailed_results`.`Dob`,current_timestamp()) between 20 and 24 THEN '20-24' WHEN timestampdiff(YEAR,`detailed_results`.`Dob`,current_timestamp()) between 25 and 29 THEN '25-29' WHEN timestampdiff(YEAR,`detailed_results`.`Dob`,current_timestamp()) between 30 and 34 THEN '30-34' WHEN timestampdiff(YEAR,`detailed_results`.`Dob`,current_timestamp()) between 35 and 39 THEN '35-39' WHEN timestampdiff(YEAR,`detailed_results`.`Dob`,current_timestamp()) between 40 and 44 THEN '40-44' WHEN timestampdiff(YEAR,`detailed_results`.`Dob`,current_timestamp()) between 45 and 49 THEN '45-49' ELSE 'Over 50' END AS `Age_Group`, sum(if(`detailed_results`.`Gender` = 'Male',1,0)) AS `Male`, sum(if(`detailed_results`.`Gender` = 'Female',1,0)) AS `Female`, count(1) AS `total` FROM `detailed_results` GROUP BY CASE WHEN timestampdiff(YEAR,`detailed_results`.`Dob`,current_timestamp()) < 1 THEN '<1' WHEN timestampdiff(YEAR,`detailed_results`.`Dob`,current_timestamp()) between 1 and 4 THEN '01-4' WHEN timestampdiff(YEAR,`detailed_results`.`Dob`,current_timestamp()) between 5 and 9 THEN '05-9' WHEN timestampdiff(YEAR,`detailed_results`.`Dob`,current_timestamp()) between 10 and 14 THEN '10-14' WHEN timestampdiff(YEAR,`detailed_results`.`Dob`,current_timestamp()) between 15 and 19 THEN '15-19' WHEN timestampdiff(YEAR,`detailed_results`.`Dob`,current_timestamp()) between 20 and 24 THEN '20-24' WHEN timestampdiff(YEAR,`detailed_results`.`Dob`,current_timestamp()) between 25 and 29 THEN '25-29' WHEN timestampdiff(YEAR,`detailed_results`.`Dob`,current_timestamp()) between 30 and 34 THEN '30-34' WHEN timestampdiff(YEAR,`detailed_results`.`Dob`,current_timestamp()) between 35 and 39 THEN '35-39' WHEN timestampdiff(YEAR,`detailed_results`.`Dob`,current_timestamp()) between 40 and 44 THEN '40-44' WHEN timestampdiff(YEAR,`detailed_results`.`Dob`,current_timestamp()) between 45 and 49 THEN '45-49' ELSE 'Over 50' END ORDER BY CASE WHEN timestampdiff(YEAR,`detailed_results`.`Dob`,current_timestamp()) < 1 THEN '<1' WHEN timestampdiff(YEAR,`detailed_results`.`Dob`,current_timestamp()) between 1 and 4 THEN '01-4' WHEN timestampdiff(YEAR,`detailed_results`.`Dob`,current_timestamp()) between 5 and 9 THEN '05-9' WHEN timestampdiff(YEAR,`detailed_results`.`Dob`,current_timestamp()) between 10 and 14 THEN '10-14' WHEN timestampdiff(YEAR,`detailed_results`.`Dob`,current_timestamp()) between 15 and 19 THEN '15-19' WHEN timestampdiff(YEAR,`detailed_results`.`Dob`,current_timestamp()) between 20 and 24 THEN '20-24' WHEN timestampdiff(YEAR,`detailed_results`.`Dob`,current_timestamp()) between 25 and 29 THEN '25-29' WHEN timestampdiff(YEAR,`detailed_results`.`Dob`,current_timestamp()) between 30 and 34 THEN '30-34' WHEN timestampdiff(YEAR,`detailed_results`.`Dob`,current_timestamp()) between 35 and 39 THEN '35-39' WHEN timestampdiff(YEAR,`detailed_results`.`Dob`,current_timestamp()) between 40 and 44 THEN '40-44' WHEN timestampdiff(YEAR,`detailed_results`.`Dob`,current_timestamp()) between 45 and 49 THEN '45-49' ELSE 'Over 50' END ASC ;

--
-- Indexes for dumped tables
--

--
-- Indexes for table `admission`
--
ALTER TABLE `admission`
  ADD PRIMARY KEY (`ccc_no`);

--
-- Indexes for table `password_reset_temp`
--
ALTER TABLE `password_reset_temp`
  ADD PRIMARY KEY (`Id_no`);

--
-- Indexes for table `results`
--
ALTER TABLE `results`
  ADD PRIMARY KEY (`ResultsID`);

--
-- Indexes for table `user_reg`
--
ALTER TABLE `user_reg`
  ADD PRIMARY KEY (`User_id`),
  ADD UNIQUE KEY `username` (`username`);

--
-- AUTO_INCREMENT for dumped tables
--

--
-- AUTO_INCREMENT for table `admission`
--
ALTER TABLE `admission`
  MODIFY `ccc_no` int(18) NOT NULL AUTO_INCREMENT, AUTO_INCREMENT=18199284;

--
-- AUTO_INCREMENT for table `results`
--
ALTER TABLE `results`
  MODIFY `ResultsID` int(11) NOT NULL AUTO_INCREMENT, AUTO_INCREMENT=169;

--
-- AUTO_INCREMENT for table `user_reg`
--
ALTER TABLE `user_reg`
  MODIFY `User_id` int(11) NOT NULL AUTO_INCREMENT, AUTO_INCREMENT=15;
COMMIT;

/*!40101 SET CHARACTER_SET_CLIENT=@OLD_CHARACTER_SET_CLIENT */;
/*!40101 SET CHARACTER_SET_RESULTS=@OLD_CHARACTER_SET_RESULTS */;
/*!40101 SET COLLATION_CONNECTION=@OLD_COLLATION_CONNECTION */;
