-- phpMyAdmin SQL Dump
-- version 5.0.3
-- https://www.phpmyadmin.net/
--
-- Host: 127.0.0.1
-- Generation Time: Feb 05, 2021 at 02:50 PM
-- Server version: 10.4.14-MariaDB
-- PHP Version: 7.2.34

SET SQL_MODE = "NO_AUTO_VALUE_ON_ZERO";
START TRANSACTION;
SET time_zone = "+00:00";


/*!40101 SET @OLD_CHARACTER_SET_CLIENT=@@CHARACTER_SET_CLIENT */;
/*!40101 SET @OLD_CHARACTER_SET_RESULTS=@@CHARACTER_SET_RESULTS */;
/*!40101 SET @OLD_COLLATION_CONNECTION=@@COLLATION_CONNECTION */;
/*!40101 SET NAMES utf8mb4 */;

--
-- Database: `clinic_db`
--

-- --------------------------------------------------------

--
-- Table structure for table `admission`
--

CREATE TABLE `admission` (
  `ccc_no` int(18) NOT NULL,
  `Fname` varchar(20) NOT NULL,
  `Mname` varchar(20) NOT NULL,
  `Lname` varchar(20) NOT NULL,
  `Phone_no` varchar(10) NOT NULL,
  `Gender` varchar(255) NOT NULL,
  `Residence` varchar(15) NOT NULL,
  `Dob` date NOT NULL,
  `art_start_date` date NOT NULL,
  `Reg_date` date NOT NULL,
  `Id_no` int(12) NOT NULL,
  `Added_on` timestamp NOT NULL DEFAULT current_timestamp(),
  `Added_by` varchar(10) NOT NULL
) ENGINE=InnoDB DEFAULT CHARSET=utf8mb4;

--
-- Dumping data for table `admission`
--

INSERT INTO `admission` (`ccc_no`, `Fname`, `Mname`, `Lname`, `Phone_no`, `Gender`, `Residence`, `Dob`, `art_start_date`, `Reg_date`, `Id_no`, `Added_on`, `Added_by`) VALUES
(18199062, 'MUNYWOKI', '', 'SYOMBUA', '', 'Male', 'Village', '2006-04-18', '0000-00-00', '0000-00-00', 0, '0000-00-00 00:00:00', ''),
(18199082, 'JULIANA', '', 'MBEKE', '', 'Female', 'G.P', '0000-00-00', '0000-00-00', '0000-00-00', 0, '0000-00-00 00:00:00', ''),
(18199093, 'JOHN', '', 'KISEKO', '', 'Male', 'Village', '0000-00-00', '0000-00-00', '0000-00-00', 0, '0000-00-00 00:00:00', ''),
(18199094, 'MARGARET', '', 'KIMONDIU', '', 'Female', 'Village', '0000-00-00', '0000-00-00', '0000-00-00', 0, '0000-00-00 00:00:00', ''),
(18199095, 'GIFTON', '', 'MWIKALI', '', 'Male', 'Village', '0000-00-00', '0000-00-00', '0000-00-00', 0, '0000-00-00 00:00:00', ''),
(18199096, 'MBITHE', '', 'KIMANZI', '', 'Female', 'Village', '0000-00-00', '0000-00-00', '0000-00-00', 0, '0000-00-00 00:00:00', ''),
(18199097, 'MUTUKU', '', 'MUTINDA', '', 'Male', 'Village', '0000-00-00', '0000-00-00', '0000-00-00', 0, '0000-00-00 00:00:00', ''),
(18199098, 'MARY', '', 'KILONZI', '', 'Female', 'Village', '0000-00-00', '0000-00-00', '0000-00-00', 0, '0000-00-00 00:00:00', ''),
(18199099, 'CAROL', '', 'WANZA', '', 'Female', 'Village', '0000-00-00', '0000-00-00', '0000-00-00', 0, '0000-00-00 00:00:00', ''),
(18199100, 'NDOTHYA', '', 'ESTHER', '', 'Male', 'Village', '0000-00-00', '0000-00-00', '0000-00-00', 0, '0000-00-00 00:00:00', ''),
(18199101, 'JOHN', '', 'MUTUKU', '', 'Male', 'Village', '0000-00-00', '0000-00-00', '0000-00-00', 0, '0000-00-00 00:00:00', ''),
(18199102, 'KAVINDU', '', 'MUTINDA', '', 'Female', 'Village', '0000-00-00', '0000-00-00', '0000-00-00', 0, '0000-00-00 00:00:00', ''),
(18199103, 'KANINI', '', 'MAKAU', '', 'Female', 'Village', '0000-00-00', '0000-00-00', '0000-00-00', 0, '0000-00-00 00:00:00', ''),
(18199104, 'KASUU', '', 'KAMUNZYU', '', 'Female', 'Village', '0000-00-00', '0000-00-00', '0000-00-00', 0, '0000-00-00 00:00:00', ''),
(18199105, 'DIANA', '', 'WAMBUA', '', 'Female', 'Village', '0000-00-00', '0000-00-00', '0000-00-00', 0, '0000-00-00 00:00:00', ''),
(18199106, 'DOUGLAS', '', 'MUTUKU', '', 'Male', 'Village', '0000-00-00', '0000-00-00', '0000-00-00', 0, '0000-00-00 00:00:00', ''),
(18199110, 'KITHOME', '', 'KAVUU', '', 'Male', 'Village', '0000-00-00', '0000-00-00', '0000-00-00', 0, '0000-00-00 00:00:00', ''),
(18199111, 'SYOMITI', '', 'MUNYIVA', '', 'Female', 'Village', '0000-00-00', '0000-00-00', '0000-00-00', 0, '0000-00-00 00:00:00', ''),
(18199112, 'CHRISTINE', '', 'MUTHEKI', '', 'Female', 'Village', '0000-00-00', '0000-00-00', '0000-00-00', 0, '0000-00-00 00:00:00', ''),
(18199116, 'KATOLOKI', '', 'KALIMI', '', 'Male', 'Village', '0000-00-00', '0000-00-00', '0000-00-00', 0, '0000-00-00 00:00:00', ''),
(18199117, 'MUKONYO', '', 'MUTUKU', '', 'Female', 'Village', '0000-00-00', '0000-00-00', '0000-00-00', 0, '0000-00-00 00:00:00', ''),
(18199121, 'KASIVA', '', 'MONA', '', 'Male', 'Village', '0000-00-00', '0000-00-00', '0000-00-00', 0, '0000-00-00 00:00:00', ''),
(18199123, 'JANET', '', 'MUTHINA', '', 'Female', 'Village', '0000-00-00', '0000-00-00', '0000-00-00', 0, '0000-00-00 00:00:00', ''),
(18199125, 'CECILIA', '', 'NDANU', '', 'Female', 'Village', '0000-00-00', '0000-00-00', '0000-00-00', 0, '0000-00-00 00:00:00', ''),
(18199126, 'VICTOR', '', 'MWENDWA', '', 'Male', 'Village', '0000-00-00', '0000-00-00', '0000-00-00', 0, '0000-00-00 00:00:00', ''),
(18199127, 'BRENDA', 'MUKAI', 'KASYOKA', '', 'Female', 'Village', '0000-00-00', '0000-00-00', '0000-00-00', 0, '0000-00-00 00:00:00', ''),
(18199128, 'PAUL', '', 'MATATA', '', 'Male', 'Village', '0000-00-00', '0000-00-00', '0000-00-00', 0, '0000-00-00 00:00:00', ''),
(18199129, 'MOSES', '', 'NZIOKA', '', 'Male', 'Village', '0000-00-00', '0000-00-00', '0000-00-00', 0, '0000-00-00 00:00:00', ''),
(18199131, 'MULWA', '', 'NTHANZU', '', 'Male', 'Village', '0000-00-00', '0000-00-00', '0000-00-00', 0, '0000-00-00 00:00:00', ''),
(18199132, 'AMINA', '', 'REBECCA', '', 'Female', 'Village', '0000-00-00', '0000-00-00', '0000-00-00', 0, '0000-00-00 00:00:00', ''),
(18199133, 'EVERLYN', '', 'KAREGI', '', 'Female', 'Village', '0000-00-00', '0000-00-00', '0000-00-00', 0, '0000-00-00 00:00:00', ''),
(18199136, 'JOHN', '', 'MAINGI', '', 'Male', 'Village', '0000-00-00', '0000-00-00', '0000-00-00', 0, '0000-00-00 00:00:00', ''),
(18199137, 'PIUS', '', 'MBULI', '', 'Male', 'Village', '0000-00-00', '0000-00-00', '0000-00-00', 0, '0000-00-00 00:00:00', ''),
(18199138, 'SAFARI', '', 'MUSYOKI', '', 'Male', 'Village', '0000-00-00', '0000-00-00', '0000-00-00', 0, '0000-00-00 00:00:00', ''),
(18199139, 'LUCIA', '', 'MANGUYE', '', 'Female', 'Village', '0000-00-00', '0000-00-00', '0000-00-00', 0, '0000-00-00 00:00:00', ''),
(18199140, 'JOHN', '', 'MUTISYA', '', 'Male', 'Village', '0000-00-00', '0000-00-00', '0000-00-00', 0, '0000-00-00 00:00:00', ''),
(18199150, 'MERCY', '', 'NDUKU', '', 'Female', 'Community', '2006-02-16', '0000-00-00', '0000-00-00', 0, '0000-00-00 00:00:00', ''),
(18199151, 'STACY', '', 'MUENI', '', 'Female', 'Village', '0000-00-00', '0000-00-00', '0000-00-00', 0, '0000-00-00 00:00:00', ''),
(18199154, 'KEN', '', 'MWIRARIA', '', 'Male', 'Village', '0000-00-00', '0000-00-00', '0000-00-00', 0, '0000-00-00 00:00:00', ''),
(18199155, 'KITHINZI', '', 'MUSYIMI', '', 'Male', 'Village', '0000-00-00', '0000-00-00', '0000-00-00', 0, '0000-00-00 00:00:00', ''),
(18199157, 'RAEL', '', 'NDUNGE', '', 'Female', 'Village', '0000-00-00', '0000-00-00', '0000-00-00', 0, '0000-00-00 00:00:00', ''),
(18199158, 'JULIUS', '', 'MUASYA', '', 'Male', 'Community', '0000-00-00', '0000-00-00', '0000-00-00', 0, '0000-00-00 00:00:00', ''),
(18199160, 'PATRICK', '', 'MUNYOKI', '', 'Male', 'Community', '0000-00-00', '0000-00-00', '0000-00-00', 0, '0000-00-00 00:00:00', ''),
(18199161, 'MUENDI', '', 'MULWA', '', 'Female', 'Community', '0000-00-00', '0000-00-00', '0000-00-00', 0, '0000-00-00 00:00:00', ''),
(18199162, 'MARGARET', '', 'KASOLI', '', 'Female', 'Community', '0000-00-00', '0000-00-00', '0000-00-00', 0, '0000-00-00 00:00:00', ''),
(18199163, 'ZIPPORAH', '', 'NGINA', '', 'Female', 'Community', '0000-00-00', '0000-00-00', '0000-00-00', 0, '0000-00-00 00:00:00', ''),
(18199164, 'CHARLES', '', 'MWANGANGI', '', 'Male', 'Community', '0000-00-00', '0000-00-00', '0000-00-00', 0, '0000-00-00 00:00:00', ''),
(18199165, 'TERESIA', '', 'MUNYOKI', '', 'Female', 'Community', '0000-00-00', '0000-00-00', '0000-00-00', 0, '0000-00-00 00:00:00', ''),
(18199166, 'ROSE', '', 'KALEVE', '', 'Female', 'Community', '0000-00-00', '0000-00-00', '0000-00-00', 0, '0000-00-00 00:00:00', ''),
(18199167, 'BEATRICE', '', 'KITHOME', '', 'Female', 'Community', '0000-00-00', '0000-00-00', '0000-00-00', 0, '0000-00-00 00:00:00', ''),
(18199168, 'JANE', '', 'MUSYOKI', '', 'Female', 'Community', '0000-00-00', '0000-00-00', '0000-00-00', 0, '0000-00-00 00:00:00', ''),
(18199169, 'ERIC', '', 'NZOMO', '', 'Male', 'Community', '0000-00-00', '0000-00-00', '0000-00-00', 0, '0000-00-00 00:00:00', ''),
(18199170, 'JOSEPHINE', '', 'MBALI', '', 'Female', 'Community', '0000-00-00', '0000-00-00', '0000-00-00', 0, '0000-00-00 00:00:00', ''),
(18199171, 'ROSA', '', 'MUUO', '', 'Female', 'Community', '0000-00-00', '0000-00-00', '0000-00-00', 0, '0000-00-00 00:00:00', ''),
(18199172, 'NZILU', '', 'MUNYOKI', '', 'Male', 'Community', '0000-00-00', '0000-00-00', '0000-00-00', 0, '0000-00-00 00:00:00', ''),
(18199175, 'MUNINI', '', 'MUNYIVA', '', 'Female', 'Community', '0000-00-00', '0000-00-00', '0000-00-00', 0, '0000-00-00 00:00:00', ''),
(18199176, 'PETER', '', 'MWANIKI', '', 'Male', 'Community', '0000-00-00', '0000-00-00', '0000-00-00', 0, '0000-00-00 00:00:00', ''),
(18199177, 'KATUMBI', '', 'VIVIANA', '', 'Female', 'Community', '0000-00-00', '0000-00-00', '0000-00-00', 0, '0000-00-00 00:00:00', ''),
(18199178, 'KALEKYE', '', 'KASIMA', '', 'Female', 'Community', '0000-00-00', '0000-00-00', '0000-00-00', 0, '0000-00-00 00:00:00', ''),
(18199179, 'GLADYS', '', 'EUNICE', '', 'Female', 'Community', '0000-00-00', '0000-00-00', '0000-00-00', 0, '0000-00-00 00:00:00', ''),
(18199180, 'PETER', '', 'MULATYA', '', 'Male', 'Community', '0000-00-00', '0000-00-00', '0000-00-00', 0, '0000-00-00 00:00:00', ''),
(18199181, 'YUMBYA', '', 'KISEVE', '', 'Female', 'Village', '0000-00-00', '0000-00-00', '0000-00-00', 0, '0000-00-00 00:00:00', ''),
(18199182, 'MARY', '', 'WAMBUA', '', 'Female', 'Village', '0000-00-00', '0000-00-00', '0000-00-00', 0, '0000-00-00 00:00:00', ''),
(18199183, 'MWENDWA', '', 'KISEVE', '', 'Male', 'Village', '0000-00-00', '0000-00-00', '0000-00-00', 0, '0000-00-00 00:00:00', ''),
(18199188, 'ELIZABETH', '', 'NDUKU', '', 'Female', 'Village', '0000-00-00', '0000-00-00', '0000-00-00', 0, '0000-00-00 00:00:00', ''),
(18199191, 'MALITI', '', 'MUTIO', '', 'Male', 'Village', '0000-00-00', '0000-00-00', '0000-00-00', 0, '0000-00-00 00:00:00', ''),
(18199192, 'MULUKI', '', 'KAVITI', '', 'Female', 'Village', '0000-00-00', '0000-00-00', '0000-00-00', 0, '0000-00-00 00:00:00', ''),
(18199193, 'CARRISON', '', 'MWIKALI', '', 'Female', 'Village', '0000-00-00', '0000-00-00', '0000-00-00', 0, '0000-00-00 00:00:00', ''),
(18199195, 'MUTINDA', '', 'JOHN', '', 'Male', 'Village', '0000-00-00', '0000-00-00', '0000-00-00', 0, '0000-00-00 00:00:00', ''),
(18199197, 'ESTHER', '', 'MUTHIANI', '', 'Female', 'Village', '0000-00-00', '0000-00-00', '0000-00-00', 0, '0000-00-00 00:00:00', ''),
(18199198, 'NICHOLAS', '', 'KASYOKA', '', 'Male', 'Village', '0000-00-00', '0000-00-00', '0000-00-00', 0, '0000-00-00 00:00:00', ''),
(18199199, 'KANINI', '', 'NDUKU', '', 'Female', 'Community', '0000-00-00', '0000-00-00', '0000-00-00', 0, '0000-00-00 00:00:00', ''),
(18199200, 'ELIZABETH', '', 'MWANZI', '', 'Female', 'Village', '0000-00-00', '0000-00-00', '0000-00-00', 0, '0000-00-00 00:00:00', ''),
(18199201, 'MUTINDA', '', 'KILONZI', '', 'Male', 'Village', '0000-00-00', '0000-00-00', '0000-00-00', 0, '0000-00-00 00:00:00', ''),
(18199203, 'JANE', '', 'KILONZI', '', 'Female', 'Village', '0000-00-00', '0000-00-00', '0000-00-00', 0, '0000-00-00 00:00:00', ''),
(18199204, 'MWENDE', '', 'MONICAH', '', 'Female', 'Village', '0000-00-00', '0000-00-00', '0000-00-00', 0, '0000-00-00 00:00:00', ''),
(18199205, 'KIOKO', '', 'MAKAU', '', 'Male', 'Village', '0000-00-00', '0000-00-00', '0000-00-00', 0, '0000-00-00 00:00:00', ''),
(18199209, 'FIBI', '', 'NGWASI', '', 'Female', 'Village', '0000-00-00', '0000-00-00', '0000-00-00', 0, '0000-00-00 00:00:00', ''),
(18199211, 'ANN', '', 'KASYOKA', '', 'Female', 'Village', '0000-00-00', '0000-00-00', '0000-00-00', 0, '0000-00-00 00:00:00', ''),
(18199212, 'ANN', '', 'NDULU', '', 'Female', 'Village', '0000-00-00', '0000-00-00', '0000-00-00', 0, '0000-00-00 00:00:00', ''),
(18199213, 'STEPHEN', '', 'KYALO', '', 'Male', 'Village', '0000-00-00', '0000-00-00', '0000-00-00', 0, '0000-00-00 00:00:00', ''),
(18199214, 'ELIZABETH', '', 'KALUNGU', '', 'Female', 'Village', '0000-00-00', '0000-00-00', '0000-00-00', 0, '0000-00-00 00:00:00', ''),
(18199215, 'MUSYOKI', '', 'MBITHE', '', 'Male', 'Village', '0000-00-00', '0000-00-00', '0000-00-00', 0, '0000-00-00 00:00:00', ''),
(18199216, 'NDUKU', '', 'KIVUVA', '', 'Female', 'Community', '0000-00-00', '0000-00-00', '0000-00-00', 0, '0000-00-00 00:00:00', ''),
(18199217, 'MARTHA', '', 'MBOYA', '', 'Female', 'G.P', '0000-00-00', '0000-00-00', '0000-00-00', 0, '0000-00-00 00:00:00', ''),
(18199218, 'FRANK', '', 'MUCHUMBE', '', 'Male', 'Village', '0000-00-00', '0000-00-00', '0000-00-00', 0, '0000-00-00 00:00:00', ''),
(18199220, 'TERESIA', '', 'MVIWA', '', 'Female', 'Village', '0000-00-00', '0000-00-00', '0000-00-00', 0, '0000-00-00 00:00:00', ''),
(18199221, 'EMMANUEL', '', 'MUTHINI', '', 'Male', 'Village', '0000-00-00', '0000-00-00', '0000-00-00', 0, '0000-00-00 00:00:00', ''),
(18199222, 'PENINAH', '', 'MAWIA', '', 'Female', 'Village', '0000-00-00', '0000-00-00', '0000-00-00', 0, '0000-00-00 00:00:00', ''),
(18199223, 'KATEI', '', 'MUNYAO', '', 'Female', 'Village', '0000-00-00', '0000-00-00', '0000-00-00', 0, '0000-00-00 00:00:00', ''),
(18199224, 'WANZIA', '', 'SAMBIA', '', 'Female', 'Village', '0000-00-00', '0000-00-00', '0000-00-00', 0, '0000-00-00 00:00:00', ''),
(18199225, 'ELIZABETH', '', 'MUKAI', '', 'Female', 'Village', '0000-00-00', '0000-00-00', '0000-00-00', 0, '0000-00-00 00:00:00', ''),
(18199226, 'ROSE', '', 'MONTHE', '', 'Female', 'Village', '0000-00-00', '0000-00-00', '0000-00-00', 0, '0000-00-00 00:00:00', ''),
(18199227, 'MWANZIA', '', 'KASEE', '', 'Male', 'Village', '0000-00-00', '0000-00-00', '0000-00-00', 0, '0000-00-00 00:00:00', ''),
(18199228, 'SHARON', 'MUMBE', 'KIMEU', '', 'Female', 'Village', '0000-00-00', '0000-00-00', '0000-00-00', 0, '0000-00-00 00:00:00', ''),
(18199229, 'WAMBUA', '', 'MANGOLE', '', 'Male', 'Village', '0000-00-00', '0000-00-00', '0000-00-00', 0, '0000-00-00 00:00:00', ''),
(18199231, 'DENNIS', '', 'NDUKU', '', 'Male', 'Village', '0000-00-00', '0000-00-00', '0000-00-00', 0, '0000-00-00 00:00:00', ''),
(18199232, 'MULI', '', 'NZIOKI', '', 'Male', 'Village', '0000-00-00', '0000-00-00', '0000-00-00', 0, '0000-00-00 00:00:00', ''),
(18199233, 'FAITH', '', 'NDINDA', '', 'Female', 'Village', '0000-00-00', '0000-00-00', '0000-00-00', 0, '0000-00-00 00:00:00', ''),
(18199234, 'TABITHA', '', 'MUTANU', '', 'Female', 'Village', '0000-00-00', '0000-00-00', '0000-00-00', 0, '0000-00-00 00:00:00', ''),
(18199236, 'MICHAEL', '', 'KATIWA', '', 'Male', 'Village', '0000-00-00', '0000-00-00', '0000-00-00', 0, '0000-00-00 00:00:00', ''),
(18199237, 'JORUM', '', 'MUNYAO', '', 'Male', 'Village', '0000-00-00', '0000-00-00', '0000-00-00', 0, '0000-00-00 00:00:00', ''),
(18199238, 'DAVID', '', 'MULINGE', '', 'Male', 'Village', '0000-00-00', '0000-00-00', '0000-00-00', 0, '0000-00-00 00:00:00', ''),
(18199239, 'FAITH', '', 'MWENDE', '', 'Female', 'Village', '0000-00-00', '0000-00-00', '0000-00-00', 0, '0000-00-00 00:00:00', ''),
(18199248, 'HALIMA', '', 'NTHOKI', '', 'Female', 'Village', '0000-00-00', '0000-00-00', '0000-00-00', 0, '0000-00-00 00:00:00', ''),
(18199250, 'NDANU', '', 'MUSENYA', '', 'Female', 'Village', '0000-00-00', '0000-00-00', '0000-00-00', 0, '0000-00-00 00:00:00', ''),
(18199251, 'GRACE', '', 'MUKELI', '', 'Female', 'G.P', '0000-00-00', '0000-00-00', '0000-00-00', 0, '0000-00-00 00:00:00', ''),
(18199252, 'VICTOR', '', 'MUENI', '', 'Male', 'Village', '0000-00-00', '0000-00-00', '0000-00-00', 0, '0000-00-00 00:00:00', ''),
(18199254, 'KYONGO', '', 'KIILU', '', 'Male', 'Village', '0000-00-00', '0000-00-00', '0000-00-00', 0, '0000-00-00 00:00:00', ''),
(18199255, 'KALONZO', '', 'SAMUEL', '', 'Male', 'Village', '0000-00-00', '0000-00-00', '0000-00-00', 0, '0000-00-00 00:00:00', ''),
(18199257, 'ESTHER', '', 'MWIKALI', '', 'Female', 'Village', '0000-00-00', '0000-00-00', '0000-00-00', 0, '0000-00-00 00:00:00', ''),
(18199258, 'MARK', '', 'MAKAU', '', 'Male', 'Community', '0000-00-00', '0000-00-00', '0000-00-00', 0, '0000-00-00 00:00:00', ''),
(18199259, 'EMILY', 'KITUNGUU', 'SAMMY', '', 'Female', 'Village', '0000-00-00', '0000-00-00', '0000-00-00', 0, '0000-00-00 00:00:00', ''),
(18199260, 'MUASYA', '', 'SARAH', '', 'Male', 'Village', '0000-00-00', '0000-00-00', '0000-00-00', 0, '0000-00-00 00:00:00', ''),
(18199261, 'AUSTIN', '', 'MUTHOKA', '', 'Male', 'Village', '0000-00-00', '0000-00-00', '0000-00-00', 0, '0000-00-00 00:00:00', ''),
(18199262, 'BERNARD', '', 'MBINDA', '', 'Male', 'Village', '0000-00-00', '0000-00-00', '0000-00-00', 0, '0000-00-00 00:00:00', ''),
(18199263, 'FAITH', '', 'MULATYA', '', 'Female', 'Village', '0000-00-00', '0000-00-00', '0000-00-00', 0, '0000-00-00 00:00:00', ''),
(18199264, 'ESTHER', '', 'KAKUVI', '', 'Female', 'Village', '0000-00-00', '0000-00-00', '0000-00-00', 0, '0000-00-00 00:00:00', ''),
(18199265, 'DANIEL', '', 'SAFARI', '', 'Male', 'Village', '0000-00-00', '0000-00-00', '0000-00-00', 0, '0000-00-00 00:00:00', ''),
(18199266, 'NTHENYA', '', 'MINOO', '', 'Female', 'Village', '0000-00-00', '0000-00-00', '0000-00-00', 0, '0000-00-00 00:00:00', ''),
(18199267, 'BEN', '', 'KATIWA', '', 'Male', 'Village', '0000-00-00', '0000-00-00', '0000-00-00', 0, '0000-00-00 00:00:00', ''),
(18199268, 'MAKAU', '', 'MUTIA', '', 'Male', 'Village', '0000-00-00', '0000-00-00', '0000-00-00', 0, '0000-00-00 00:00:00', ''),
(18199269, 'EUNICE', '', 'MUTHEU', '', 'Female', 'Village', '0000-00-00', '0000-00-00', '0000-00-00', 0, '0000-00-00 00:00:00', ''),
(18199270, 'SIMON', 'MWAURA', 'MBURU', '', 'Male', 'Village', '0000-00-00', '0000-00-00', '0000-00-00', 0, '0000-00-00 00:00:00', ''),
(18199272, 'MUSEMBI', '', 'MWIKALI', '', 'Male', 'Village', '0000-00-00', '0000-00-00', '0000-00-00', 0, '0000-00-00 00:00:00', ''),
(18199273, 'BEATRICE', 'MWIKALI', 'MULI', '', 'Female', 'Village', '0000-00-00', '0000-00-00', '0000-00-00', 0, '0000-00-00 00:00:00', ''),
(18199274, 'DANIEL', 'KITUKU', 'NDUNGE', '', 'Male', 'Village', '0000-00-00', '0000-00-00', '0000-00-00', 0, '0000-00-00 00:00:00', ''),
(18199275, 'NDUKU', '', 'NTHAMBI', '', 'Female', 'Village', '0000-00-00', '0000-00-00', '0000-00-00', 0, '0000-00-00 00:00:00', ''),
(18199276, 'ANTONY', 'WAMBUA', 'WAYUA', '', 'Male', 'Village', '0000-00-00', '0000-00-00', '0000-00-00', 0, '0000-00-00 00:00:00', ''),
(18199277, 'JOSEPH', '', 'MUSANGO', '', 'Male', 'Village', '0000-00-00', '0000-00-00', '0000-00-00', 0, '0000-00-00 00:00:00', ''),
(18199278, 'RHODA', 'NDUKU', 'NTHAMBI', '', 'Female', 'Village', '0000-00-00', '0000-00-00', '0000-00-00', 0, '0000-00-00 00:00:00', ''),
(18199279, 'FAITH', 'NDUNGE', 'MUENI', '', 'Female', 'Village', '0000-00-00', '0000-00-00', '0000-00-00', 0, '0000-00-00 00:00:00', ''),
(18199280, 'MARTHA', 'MUENI', 'GRACE', '', 'Female', 'Village', '0000-00-00', '0000-00-00', '0000-00-00', 0, '0000-00-00 00:00:00', '');

-- --------------------------------------------------------

--
-- Stand-in structure for view `detailed_results`
-- (See below for the actual view)
--
CREATE TABLE `detailed_results` (
`ccc_no` int(18)
,`Fname` varchar(20)
,`Mname` varchar(20)
,`Lname` varchar(20)
,`Gender` varchar(255)
,`Residence` varchar(15)
,`Dob` date
,`years` double(17,0)
,`months` int(6)
,`ResultsID` int(11)
,`ccc_count` int(30)
,`art_start_date` date
,`art_regimen` varchar(255)
,`current_art_date` date
,`pre_vl_date` date
,`pre_vl_results` varchar(18)
,`curr_vl_date` date
,`viral_load` varchar(18)
,`cd4` int(18)
,`mstari` int(1)
);

-- --------------------------------------------------------

--
-- Table structure for table `password_reset_temp`
--

CREATE TABLE `password_reset_temp` (
  `Id_no` int(255) NOT NULL,
  `email` varchar(255) NOT NULL,
  `key` varchar(255) NOT NULL,
  `expDate` datetime NOT NULL
) ENGINE=InnoDB DEFAULT CHARSET=utf8mb4;

-- --------------------------------------------------------

--
-- Table structure for table `results`
--

CREATE TABLE `results` (
  `ResultsID` int(11) NOT NULL,
  `ccc_count` int(30) NOT NULL,
  `art_start_date` date NOT NULL,
  `art_regimen` varchar(255) NOT NULL,
  `current_art_date` date NOT NULL,
  `pre_vl_date` date NOT NULL,
  `pre_vl_results` varchar(18) NOT NULL,
  `curr_vl_date` date NOT NULL,
  `viral_load` varchar(18) NOT NULL,
  `cd4` int(18) NOT NULL,
  `mstari` int(1) NOT NULL
) ENGINE=InnoDB DEFAULT CHARSET=utf8mb4;

--
-- Dumping data for table `results`
--

INSERT INTO `results` (`ResultsID`, `ccc_count`, `art_start_date`, `art_regimen`, `current_art_date`, `pre_vl_date`, `pre_vl_results`, `curr_vl_date`, `viral_load`, `cd4`, `mstari`) VALUES
(1, 18199062, '0000-00-00', 'TDF/3TC/DTG', '0000-00-00', '0000-00-00', '', '0000-00-00', 'LDL', 675, 1),
(2, 18199082, '0000-00-00', 'TDF/3TC/DTG', '0000-00-00', '0000-00-00', '', '0000-00-00', 'LDL', 267, 1),
(3, 18199093, '0000-00-00', 'ABC/3TC/DTG', '0000-00-00', '0000-00-00', '', '0000-00-00', 'LDL', 635, 1),
(4, 18199094, '0000-00-00', 'TDF/3TC/DTG', '0000-00-00', '0000-00-00', '', '0000-00-00', 'LDL', 839, 1),
(5, 18199095, '0000-00-00', 'TDF/3TC/DTG', '0000-00-00', '0000-00-00', '', '0000-00-00', 'LDL', 637, 1),
(6, 18199096, '0000-00-00', 'ABC/3TC/DTG', '0000-00-00', '0000-00-00', 'LDL', '0000-00-00', 'LDL', 1, 1),
(7, 18199097, '0000-00-00', 'TDF/3TC/DTG', '0000-00-00', '0000-00-00', 'LDL', '0000-00-00', 'LDL', 720, 1),
(8, 18199098, '0000-00-00', 'ABC/3TC/LPVR', '0000-00-00', '0000-00-00', '', '0000-00-00', 'LDL', 490, 1),
(9, 18199099, '0000-00-00', 'TDF/3TC/DTG', '0000-00-00', '0000-00-00', '', '0000-00-00', 'LDL', 966, 1),
(10, 18199100, '0000-00-00', 'TDF/3TC/DTG', '0000-00-00', '0000-00-00', '', '0000-00-00', 'LDL', 822, 1),
(11, 18199101, '0000-00-00', 'TDF/3TC/DTG', '0000-00-00', '0000-00-00', 'LDL', '0000-00-00', 'LDL', 654, 1),
(12, 18199102, '0000-00-00', 'TDF/3TC/DTG', '0000-00-00', '0000-00-00', '', '0000-00-00', 'LDL', 672, 2),
(13, 18199103, '0000-00-00', 'TDF/3TC/DTG', '0000-00-00', '0000-00-00', 'LDL', '0000-00-00', 'LDL', 715, 1),
(14, 18199104, '0000-00-00', 'TDF/3TC/DTG', '0000-00-00', '0000-00-00', 'LDL', '0000-00-00', 'LDL', 1, 1),
(15, 18199105, '0000-00-00', 'TDF/3TC/DTG', '0000-00-00', '0000-00-00', '43934', '0000-00-00', 'LDL', 729, 1),
(16, 18199106, '0000-00-00', 'TDF/3TC/DTG', '0000-00-00', '0000-00-00', '55162', '0000-00-00', 'LDL', 600, 1),
(17, 18199110, '0000-00-00', 'TDF/3TC/DTG', '0000-00-00', '0000-00-00', '', '0000-00-00', 'LDL', 938, 1),
(18, 18199111, '0000-00-00', 'ABC/3TC/DTG', '0000-00-00', '0000-00-00', 'LDL', '0000-00-00', 'LDL', 1, 2),
(19, 18199112, '0000-00-00', 'ABC/3TC/DTG', '0000-00-00', '0000-00-00', '635', '0000-00-00', 'LDL', 525, 1),
(20, 18199116, '0000-00-00', 'TDF/3TC/DTG', '0000-00-00', '0000-00-00', '', '0000-00-00', 'LDL', 774, 1),
(21, 18199117, '0000-00-00', 'TDF/3TC/DTG', '0000-00-00', '0000-00-00', 'LDL', '0000-00-00', 'LDL', 963, 1),
(22, 18199121, '0000-00-00', 'TDF/3TC/DTG', '0000-00-00', '0000-00-00', '', '0000-00-00', 'LDL', 863, 1),
(23, 18199123, '0000-00-00', 'TDF/3TC/DTG', '0000-00-00', '0000-00-00', 'LDL', '0000-00-00', 'LDL', 1, 1),
(24, 18199125, '0000-00-00', 'ABC/3TC/DTG', '0000-00-00', '0000-00-00', '', '0000-00-00', 'LDL', 456, 1),
(25, 18199126, '0000-00-00', 'ABC/3TC/KALETRA', '0000-00-00', '0000-00-00', '', '0000-00-00', '159', 1, 1),
(26, 18199127, '0000-00-00', 'ABC/3TC/DTG', '0000-00-00', '0000-00-00', '', '0000-00-00', '382', 771, 1),
(27, 18199128, '0000-00-00', 'TDF/3TC/DTG', '0000-00-00', '0000-00-00', '', '0000-00-00', 'LDL', 463, 1),
(28, 18199129, '0000-00-00', 'ABC/3TC/DTG', '0000-00-00', '0000-00-00', '181', '0000-00-00', 'LDL', 542, 1),
(29, 18199131, '0000-00-00', 'TDF/3TC/DTG', '0000-00-00', '0000-00-00', '', '0000-00-00', '150', 520, 1),
(30, 18199132, '0000-00-00', 'TDF/3TC/DTG', '0000-00-00', '0000-00-00', '1064', '0000-00-00', 'LDL', 340, 1),
(31, 18199133, '0000-00-00', 'TDF/3TC/DTG', '0000-00-00', '0000-00-00', '', '0000-00-00', 'LDL', 713, 1),
(32, 18199136, '0000-00-00', 'TDF/3TC/DTG', '0000-00-00', '0000-00-00', 'LDL', '0000-00-00', '3885', 940, 1),
(33, 18199137, '0000-00-00', 'ABC/3TC/DTG', '0000-00-00', '0000-00-00', 'LDL', '0000-00-00', 'LDL', 677, 2),
(34, 18199138, '0000-00-00', 'TDF/3TC/DTG', '0000-00-00', '0000-00-00', 'LDL', '0000-00-00', 'LDL', 787, 1),
(35, 18199139, '0000-00-00', 'TDF/3TC/DTG', '0000-00-00', '0000-00-00', '32134', '0000-00-00', 'LDL', 915, 1),
(36, 18199140, '0000-00-00', 'ABC/3TC/DTG', '0000-00-00', '0000-00-00', '', '0000-00-00', 'LDL', 1, 1),
(37, 18199150, '0000-00-00', 'TDF/3TC/DTG', '0000-00-00', '0000-00-00', '', '0000-00-00', 'LDL', 508, 1),
(38, 18199151, '0000-00-00', 'ABC/3TC/DTG', '0000-00-00', '0000-00-00', '2614', '0000-00-00', '8,856', 391, 1),
(39, 18199154, '0000-00-00', 'TDF/3TC/DTG', '0000-00-00', '0000-00-00', '', '0000-00-00', 'LDL', 1, 1),
(40, 18199155, '0000-00-00', 'TDF/3TC/DTG', '0000-00-00', '0000-00-00', 'LDL', '0000-00-00', 'LDL', 440, 2),
(41, 18199157, '0000-00-00', 'ABC/3TC/DTG', '0000-00-00', '0000-00-00', 'LDL', '0000-00-00', 'LDL', 1, 1),
(42, 18199158, '0000-00-00', 'TDF/3TC/DTG', '0000-00-00', '0000-00-00', '', '0000-00-00', 'LDL', 0, 1),
(43, 18199160, '0000-00-00', 'TDF/3TC/DTG', '0000-00-00', '0000-00-00', '', '0000-00-00', 'LDL', 755, 1),
(44, 18199161, '0000-00-00', 'TDF/3TC/DTG', '0000-00-00', '0000-00-00', '', '0000-00-00', 'LDL', 589, 1),
(45, 18199162, '0000-00-00', 'TDF/3TC/DTG', '0000-00-00', '0000-00-00', '', '0000-00-00', '21990', 229, 2),
(46, 18199163, '0000-00-00', 'TDF/3TC/DTG', '0000-00-00', '0000-00-00', '', '0000-00-00', 'LDL', 988, 1),
(47, 18199164, '0000-00-00', 'TDF/3TC/DTG', '0000-00-00', '0000-00-00', '', '0000-00-00', 'LDL', 178, 1),
(48, 18199165, '0000-00-00', 'TDF/3TC/DTG', '0000-00-00', '0000-00-00', '', '0000-00-00', 'LDL', 497, 1),
(49, 18199166, '0000-00-00', 'TDF/3TC/DTG', '0000-00-00', '0000-00-00', '', '0000-00-00', '5187', 312, 1),
(50, 18199167, '0000-00-00', 'TDF/3TC/DTG', '0000-00-00', '0000-00-00', '', '0000-00-00', 'LDL', 262, 1),
(51, 18199168, '0000-00-00', 'TDF/3TC/DTG', '0000-00-00', '0000-00-00', '', '0000-00-00', '88365', 669, 1),
(52, 18199169, '0000-00-00', 'TDF/3TC/DTG', '0000-00-00', '0000-00-00', '', '0000-00-00', '393', 1113, 2),
(53, 18199170, '0000-00-00', 'TDF/3TC/DTG', '0000-00-00', '0000-00-00', '', '0000-00-00', 'LDL', 489, 1),
(54, 18199171, '0000-00-00', 'TDF/3TC/DTG', '0000-00-00', '0000-00-00', '', '0000-00-00', 'LDL', 407, 1),
(55, 18199172, '0000-00-00', 'TDF/3TC/DTG', '0000-00-00', '0000-00-00', '', '0000-00-00', 'LDL', 390, 1),
(56, 18199175, '0000-00-00', 'TDF/3TC/DTG', '0000-00-00', '0000-00-00', 'LDL', '0000-00-00', 'LDL', 1011, 1),
(57, 18199176, '0000-00-00', 'TDF/3TC/DTG', '0000-00-00', '0000-00-00', '', '0000-00-00', 'LDL', 297, 1),
(58, 18199177, '0000-00-00', 'TDF/3TC/DTG', '0000-00-00', '0000-00-00', '', '0000-00-00', 'LDL', 564, 1),
(59, 18199178, '0000-00-00', 'TDF/3TC/DTG', '0000-00-00', '0000-00-00', '', '0000-00-00', 'LDL', 578, 1),
(60, 18199179, '0000-00-00', 'TDF/3TC/EFV', '0000-00-00', '0000-00-00', '', '0000-00-00', 'LDL', 827, 1),
(61, 18199180, '0000-00-00', 'TDF/3TC/DTG', '0000-00-00', '0000-00-00', '', '0000-00-00', 'LDL', 643, 1),
(62, 18199181, '0000-00-00', 'TDF/3TC/DTG', '0000-00-00', '0000-00-00', '', '0000-00-00', 'LDL', 859, 1),
(63, 18199182, '0000-00-00', 'TDF/3TC/DTG', '0000-00-00', '0000-00-00', '1394', '0000-00-00', 'LDL', 750, 1),
(64, 18199183, '0000-00-00', 'TDF/3TC/DTG', '0000-00-00', '0000-00-00', '', '0000-00-00', 'LDL', 835, 1),
(65, 18199188, '0000-00-00', 'ABC/3TC/DTG', '0000-00-00', '0000-00-00', '1206', '0000-00-00', 'LDL', 633, 1),
(66, 18199191, '0000-00-00', 'ABC/3TC/DTG', '0000-00-00', '0000-00-00', '', '0000-00-00', 'LDL', 932, 1),
(67, 18199192, '0000-00-00', 'TDF/3TC/DTG', '0000-00-00', '0000-00-00', 'LDL', '0000-00-00', 'LDL', 1, 2),
(68, 18199193, '0000-00-00', 'TDF/3TC/DTG', '0000-00-00', '0000-00-00', '', '0000-00-00', '554', 799, 1),
(69, 18199195, '0000-00-00', 'ABC/3TC/DTG', '0000-00-00', '0000-00-00', '', '0000-00-00', 'LDL', 944, 1),
(70, 18199197, '0000-00-00', 'TDF/3TC/DTG', '0000-00-00', '0000-00-00', '', '0000-00-00', 'LDL', 547, 1),
(71, 18199198, '0000-00-00', 'ABC/3TC/KALETRA', '0000-00-00', '0000-00-00', 'LDL', '0000-00-00', 'LDL', 1, 1),
(72, 18199199, '0000-00-00', 'TDF/3TC/EFV', '0000-00-00', '0000-00-00', '', '0000-00-00', '2,506', 322, 1),
(73, 18199200, '0000-00-00', 'TDF/3TC/DTG', '0000-00-00', '0000-00-00', '1610', '0000-00-00', 'LDL', 694, 1),
(74, 18199201, '0000-00-00', 'ABC/3TC/DTG', '0000-00-00', '0000-00-00', 'LDL', '0000-00-00', 'LDL', 944, 1),
(75, 18199203, '0000-00-00', 'ABC/3TC/LPVR', '0000-00-00', '0000-00-00', '', '0000-00-00', 'LDL', 592, 1),
(76, 18199204, '0000-00-00', 'TDF/3TC/DTG', '0000-00-00', '0000-00-00', '', '0000-00-00', 'LDL', 502, 2),
(77, 18199205, '0000-00-00', 'TDF/3TC/DTG', '0000-00-00', '0000-00-00', '62243', '0000-00-00', 'LDL', 566, 1),
(78, 18199209, '0000-00-00', 'TDF/3TC/DTG', '0000-00-00', '0000-00-00', 'LDL', '0000-00-00', 'LDL', 628, 1),
(79, 18199211, '0000-00-00', 'TDF/3TC/DTG', '0000-00-00', '0000-00-00', 'LDL', '0000-00-00', 'LDL', 1, 1),
(80, 18199212, '0000-00-00', 'TDF/3TC/DTG', '0000-00-00', '0000-00-00', 'LDL', '0000-00-00', 'LDL', 94, 1),
(81, 18199213, '0000-00-00', 'ABC/3TC/KALETRA', '0000-00-00', '0000-00-00', '', '0000-00-00', 'LDL', 1, 1),
(82, 18199214, '0000-00-00', 'TDF/3TC/DTG', '0000-00-00', '0000-00-00', '360', '0000-00-00', 'LDL', 863, 1),
(83, 18199215, '0000-00-00', 'ABC/3TC/DTG', '0000-00-00', '0000-00-00', '8144', '0000-00-00', 'LDL', 694, 1),
(84, 18199216, '0000-00-00', 'TDF/3TC/DTG', '0000-00-00', '0000-00-00', '221154', '0000-00-00', 'LDL', 596, 1),
(85, 18199217, '0000-00-00', 'TDF/3TC/DTG', '0000-00-00', '0000-00-00', '', '0000-00-00', 'LDL', 925, 1),
(86, 18199218, '0000-00-00', 'TDF/3TC/DTG', '0000-00-00', '0000-00-00', 'LDL', '0000-00-00', 'LDL', 588, 1),
(87, 18199220, '0000-00-00', 'ABC/3TC/KALETRA', '0000-00-00', '0000-00-00', '59044', '0000-00-00', 'LDL', 471, 1),
(88, 18199221, '0000-00-00', 'TDF/3TC/DTG', '0000-00-00', '0000-00-00', '19369', '0000-00-00', 'LDL', 1, 1),
(89, 18199222, '0000-00-00', 'TDF/3TC/DTG', '0000-00-00', '0000-00-00', '111211', '0000-00-00', 'LDL', 791, 2),
(90, 18199223, '0000-00-00', 'TDF/3TC/DTG', '0000-00-00', '0000-00-00', '', '0000-00-00', 'LDL', 625, 1),
(91, 18199224, '0000-00-00', 'TDF/3TC/DTG', '0000-00-00', '0000-00-00', '', '0000-00-00', 'LDL', 356, 1),
(92, 18199225, '0000-00-00', 'TDF/3TC/DTG', '0000-00-00', '0000-00-00', '', '0000-00-00', 'LDL', 671, 1),
(93, 18199226, '0000-00-00', 'TDF/3TC/DTG', '0000-00-00', '0000-00-00', 'LDL', '0000-00-00', '246', 1, 1),
(94, 18199227, '0000-00-00', 'TDF/3TC/DTG', '0000-00-00', '0000-00-00', '', '0000-00-00', 'LDL', 273, 1),
(95, 18199228, '0000-00-00', 'ABC/3TC/DTG', '0000-00-00', '0000-00-00', '', '0000-00-00', 'LDL', 742, 1),
(96, 18199229, '0000-00-00', 'TDF/3TC/DTG', '0000-00-00', '0000-00-00', '', '0000-00-00', 'LDL', 484, 2),
(97, 18199231, '0000-00-00', 'ABC/3TC/DTG', '0000-00-00', '0000-00-00', '', '0000-00-00', '533', 44, 1),
(98, 18199232, '0000-00-00', 'TDF/3TC, KALETRA', '0000-00-00', '0000-00-00', 'LDL', '0000-00-00', 'LDL', 743, 2),
(99, 18199233, '0000-00-00', 'TDF/3TC/DTG', '0000-00-00', '0000-00-00', '278', '0000-00-00', 'LDL', 734, 1),
(100, 18199234, '0000-00-00', 'ABC/3TC/KALETRA', '0000-00-00', '0000-00-00', '1130', '0000-00-00', 'LDL', 667, 1),
(101, 18199236, '0000-00-00', 'TDF/3TC/DTG', '0000-00-00', '0000-00-00', '', '0000-00-00', 'LDL', 709, 1),
(102, 18199237, '0000-00-00', 'TDF/3TC/DTG', '0000-00-00', '0000-00-00', '', '0000-00-00', 'LDL', 1, 1),
(103, 18199238, '0000-00-00', 'ABC/3TC/DTG', '0000-00-00', '0000-00-00', '78836', '0000-00-00', 'LDL', 599, 1),
(104, 18199239, '0000-00-00', 'TDF/3TC/DTG', '0000-00-00', '0000-00-00', '', '0000-00-00', 'LDL', 742, 1),
(105, 18199248, '0000-00-00', 'TDF/3TC/DTG', '0000-00-00', '0000-00-00', '', '0000-00-00', '657', 475, 2),
(106, 18199250, '0000-00-00', 'TDF/3TC/DTG', '0000-00-00', '0000-00-00', '', '0000-00-00', 'LDL', 658, 1),
(107, 18199251, '0000-00-00', 'TDF/3TC/DTG', '0000-00-00', '0000-00-00', '', '0000-00-00', 'LDL', 436, 1),
(108, 18199252, '0000-00-00', 'TDF/3TC/DTG', '0000-00-00', '0000-00-00', '', '0000-00-00', 'LDL', 1, 2),
(109, 18199254, '0000-00-00', 'ABC/3TC/DTG', '0000-00-00', '0000-00-00', '', '0000-00-00', '150', 1, 2),
(110, 18199255, '0000-00-00', 'ABC/3TC/DTG', '0000-00-00', '0000-00-00', '', '0000-00-00', 'LDL', 877, 1),
(111, 18199257, '0000-00-00', 'ABC/3TC/DTG', '0000-00-00', '0000-00-00', '', '0000-00-00', 'LDL', 1, 1),
(112, 18199258, '0000-00-00', 'TDF/3TC/DTG', '0000-00-00', '0000-00-00', 'LDL', '0000-00-00', 'LDL', 619, 1),
(113, 18199259, '0000-00-00', 'ABC/3TC/DTG', '0000-00-00', '0000-00-00', 'LDL', '0000-00-00', 'LDL', 1, 2),
(114, 18199260, '0000-00-00', 'TDF/3TC/DTG', '0000-00-00', '0000-00-00', '', '0000-00-00', 'LDL', 958, 1),
(115, 18199261, '0000-00-00', 'ABC/3TC/DTG', '0000-00-00', '0000-00-00', '', '0000-00-00', 'LDL', 0, 1),
(116, 18199262, '0000-00-00', 'ABC/3TC/DTG', '0000-00-00', '0000-00-00', '', '0000-00-00', '150', 1, 2),
(117, 18199263, '0000-00-00', 'TDF/3TC/DTG', '0000-00-00', '0000-00-00', '2446', '0000-00-00', '49064', 184, 2),
(118, 18199264, '0000-00-00', 'ABC/3TC/KALETRA', '0000-00-00', '0000-00-00', '', '0000-00-00', 'LDL', 1, 1),
(119, 18199265, '0000-00-00', 'ABC/3TC/DTG', '0000-00-00', '0000-00-00', '107603', '0000-00-00', 'LDL', 779, 1),
(120, 18199266, '0000-00-00', 'TDF/3TC/DTG', '0000-00-00', '0000-00-00', '', '0000-00-00', 'LDL', 297, 1),
(121, 18199267, '0000-00-00', 'TDF/3TC/DTG', '0000-00-00', '0000-00-00', '', '0000-00-00', 'LDL', 1, 1),
(122, 18199268, '0000-00-00', 'ABC/3TC/LPVR', '0000-00-00', '0000-00-00', '', '0000-00-00', 'LDL', 577, 2),
(123, 18199269, '0000-00-00', 'ABC/3TC/DTG', '0000-00-00', '0000-00-00', '63', '0000-00-00', 'LDL', 0, 1),
(124, 18199270, '0000-00-00', 'ABC/3TC/DTG', '0000-00-00', '0000-00-00', '', '0000-00-00', 'LDL', 915, 1),
(125, 18199272, '0000-00-00', 'ABC/3TC/DTG', '0000-00-00', '0000-00-00', '', '0000-00-00', 'LDL', 742, 1),
(126, 18199273, '0000-00-00', 'TDF/3TC/DTG', '0000-00-00', '0000-00-00', 'LDL', '0000-00-00', 'LDL', 713, 1),
(127, 18199274, '0000-00-00', 'ABC/3TC/DTG', '0000-00-00', '0000-00-00', '', '0000-00-00', 'LDL', 1, 1),
(128, 18199275, '0000-00-00', 'TDF/3TC/DTG', '0000-00-00', '0000-00-00', '', '0000-00-00', 'LDL', 1, 2),
(129, 18199276, '0000-00-00', 'TDF/3TC/DTG', '0000-00-00', '0000-00-00', '', '0000-00-00', 'LDL', 668, 1),
(130, 18199277, '0000-00-00', 'ABC/3TC/KALETRA', '0000-00-00', '0000-00-00', '9135', '0000-00-00', 'LDL', 452, 1),
(131, 18199278, '0000-00-00', 'TDF/3TC/DTG', '0000-00-00', '0000-00-00', 'LDL', '0000-00-00', 'LDL', 827, 1),
(132, 18199279, '0000-00-00', 'TDF/3TC/DTG', '0000-00-00', '0000-00-00', '', '0000-00-00', 'LDL', 1, 1),
(133, 18199280, '0000-00-00', 'TDF/3TC/DTG', '0000-00-00', '0000-00-00', 'LDL', '0000-00-00', 'LDL', 816, 1);

-- --------------------------------------------------------

--
-- Table structure for table `user_reg`
--

CREATE TABLE `user_reg` (
  `User_id` int(11) NOT NULL,
  `Fname` varchar(20) NOT NULL,
  `Lname` varchar(20) NOT NULL,
  `username` varchar(20) NOT NULL,
  `email` varchar(30) NOT NULL,
  `passwordk` varchar(300) NOT NULL,
  `con_passwordk` varchar(300) NOT NULL,
  `Gender` varchar(255) NOT NULL
) ENGINE=InnoDB DEFAULT CHARSET=utf8mb4;

--
-- Dumping data for table `user_reg`
--

INSERT INTO `user_reg` (`User_id`, `Fname`, `Lname`, `username`, `email`, `passwordk`, `con_passwordk`, `Gender`) VALUES
(1, 'Lucky', 'Makau', 'Lucky', 'makaulucky20@gmail.com', '1f168838cdda252f94323ba3c25bc7d4', '12', 'Male'),
(7, 'James', 'Kinyua', 'James', 'jameskinyua@gmail.com', '3d5c4fe815d5a46e61a7a113b4fbc054', '123', 'Male'),
(8, 'Catherine ', 'Ngave', 'katengave', 'cngave@gmail.com', '4950a2964c3ad7e31cab3bf60c85b63f', 'Ruhamah.2014', 'Female'),
(9, 'Jim', 'Mike', 'Jim', 'jim_mike@jin.ke', '531ca5de5b6d48445b2e8d52af4d68b3', 'Gravity@2021', 'Male'),
(10, 'Gravity', 'Tech', 'Gravity', 'gravity@tech.ke', 'f7ab91b5e7e09f3998e0396aece04ba6', '123331', 'Male');

-- --------------------------------------------------------

--
-- Structure for view `detailed_results`
--
DROP TABLE IF EXISTS `detailed_results`;

CREATE ALGORITHM=UNDEFINED DEFINER=`root`@`localhost` SQL SECURITY DEFINER VIEW `detailed_results`  AS SELECT `a`.`ccc_no` AS `ccc_no`, `a`.`Fname` AS `Fname`, `a`.`Mname` AS `Mname`, `a`.`Lname` AS `Lname`, `a`.`Gender` AS `Gender`, `a`.`Residence` AS `Residence`, `a`.`Dob` AS `Dob`, date_format(curdate(),'%Y') - date_format(`a`.`Dob`,'%Y') - (date_format(curdate(),'00-%m-%d') < date_format(`a`.`Dob`,'00-%m-%d')) AS `years`, period_diff(date_format(curdate(),'%Y%m'),date_format(`a`.`Dob`,'%Y%m')) MOD 12 AS `months`, `r`.`ResultsID` AS `ResultsID`, `r`.`ccc_count` AS `ccc_count`, `r`.`art_start_date` AS `art_start_date`, `r`.`art_regimen` AS `art_regimen`, `r`.`current_art_date` AS `current_art_date`, `r`.`pre_vl_date` AS `pre_vl_date`, `r`.`pre_vl_results` AS `pre_vl_results`, `r`.`curr_vl_date` AS `curr_vl_date`, `r`.`viral_load` AS `viral_load`, `r`.`cd4` AS `cd4`, `r`.`mstari` AS `mstari` FROM (`results` `r` left join `admission` `a` on(`a`.`ccc_no` = `r`.`ccc_count`)) ;

--
-- Indexes for dumped tables
--

--
-- Indexes for table `admission`
--
ALTER TABLE `admission`
  ADD PRIMARY KEY (`ccc_no`);

--
-- Indexes for table `password_reset_temp`
--
ALTER TABLE `password_reset_temp`
  ADD PRIMARY KEY (`Id_no`);

--
-- Indexes for table `results`
--
ALTER TABLE `results`
  ADD PRIMARY KEY (`ResultsID`);

--
-- Indexes for table `user_reg`
--
ALTER TABLE `user_reg`
  ADD PRIMARY KEY (`User_id`);

--
-- AUTO_INCREMENT for dumped tables
--

--
-- AUTO_INCREMENT for table `admission`
--
ALTER TABLE `admission`
  MODIFY `ccc_no` int(18) NOT NULL AUTO_INCREMENT, AUTO_INCREMENT=18199281;

--
-- AUTO_INCREMENT for table `results`
--
ALTER TABLE `results`
  MODIFY `ResultsID` int(11) NOT NULL AUTO_INCREMENT, AUTO_INCREMENT=134;

--
-- AUTO_INCREMENT for table `user_reg`
--
ALTER TABLE `user_reg`
  MODIFY `User_id` int(11) NOT NULL AUTO_INCREMENT, AUTO_INCREMENT=11;
COMMIT;

/*!40101 SET CHARACTER_SET_CLIENT=@OLD_CHARACTER_SET_CLIENT */;
/*!40101 SET CHARACTER_SET_RESULTS=@OLD_CHARACTER_SET_RESULTS */;
/*!40101 SET COLLATION_CONNECTION=@OLD_COLLATION_CONNECTION */;
